tipo,strike,vencimiento,oi,gamma,gex_contrib
call,360.0,2026-08-21,214.0,0.0,0.0
call,365.0,2026-08-21,152.0,0.0,0.0
call,370.0,2026-08-21,6.0,0.0,0.0
call,375.0,2026-08-21,4.0,0.0,0.0
call,380.0,2026-08-21,0.0,0.0,0.0
call,385.0,2026-08-21,1.0,0.0,0.0
call,390.0,2026-08-21,1.0,0.0,0.0
call,395.0,2026-08-21,43.0,0.0,0.0
call,400.0,2026-08-21,18.0,0.0,0.0
call,410.0,2026-08-21,4.0,0.0,0.0
call,415.0,2026-08-21,9.0,0.0,0.0
call,420.0,2026-08-21,8.0,0.0,0.0
call,425.0,2026-08-21,5.0,0.0,0.0
call,435.0,2026-08-21,5.0,0.0,0.0
call,440.0,2026-08-21,8.0,0.0,0.0
call,445.0,2026-08-21,11.0,0.0,0.0
call,450.0,2026-08-21,927.0,0.0,0.0
call,455.0,2026-08-21,1.0,0.0,0.0
call,460.0,2026-08-21,16.0,0.0,0.0
call,465.0,2026-08-21,6.0,0.0,0.0
call,470.0,2026-08-21,169.0,0.0,0.0
call,475.0,2026-08-21,49.0,0.0,0.0
call,480.0,2026-08-21,9.0,0.0,0.0
call,485.0,2026-08-21,3.0,0.0,0.0
call,490.0,2026-08-21,30.0,0.0,0.0
call,495.0,2026-08-21,1.0,0.0,0.0
call,500.0,2026-08-21,398.0,0.0,0.0
call,505.0,2026-08-21,7.0,0.0,0.0
call,510.0,2026-08-21,16.0,0.0,0.0
call,515.0,2026-08-21,36.0,0.0,0.0
call,520.0,2026-08-21,31.0,0.0,0.0
call,525.0,2026-08-21,25.0,0.0,0.0
call,530.0,2026-08-21,14.0,0.0,0.0
call,535.0,2026-08-21,8.0,0.0,0.0
call,540.0,2026-08-21,7.0,0.0,0.0
call,545.0,2026-08-21,236.0,0.0,0.0
call,550.0,2026-08-21,338.0,0.0,0.0
call,555.0,2026-08-21,123.0,0.0,0.0
call,560.0,2026-08-21,25.0,0.0,0.0
call,565.0,2026-08-21,36.0,0.0,0.0
call,570.0,2026-08-21,42.0,0.0,0.0
call,575.0,2026-08-21,47.0,0.0,0.0
call,580.0,2026-08-21,394.0,0.0,0.0
call,585.0,2026-08-21,49.0,0.0,0.0
call,590.0,2026-08-21,44.0,0.0,0.0
call,595.0,2026-08-21,557.0,0.0,0.0
call,600.0,2026-08-21,661.0,0.0,0.0
call,605.0,2026-08-21,112.0,0.0,0.0
call,610.0,2026-08-21,444.0,0.0,0.0
call,615.0,2026-08-21,67.0,0.0,0.0
call,620.0,2026-08-21,77.0,0.0,0.0
call,625.0,2026-08-21,127.0,0.0,0.0
call,630.0,2026-08-21,512.0,0.0,0.0
call,635.0,2026-08-21,102.0,0.0,0.0
call,640.0,2026-08-21,3302.0,0.0,0.0
call,645.0,2026-08-21,232.0,0.0,0.0
call,650.0,2026-08-21,761.0,0.0,0.0
call,651.0,2026-08-21,15.0,0.0,0.0
call,652.0,2026-08-21,14.0,0.0,0.0
call,653.0,2026-08-21,8.0,0.0,0.0
call,654.0,2026-08-21,14.0,0.0,0.0
call,655.0,2026-08-21,315.0,0.0,0.0
call,656.0,2026-08-21,12.0,0.0,0.0
call,657.0,2026-08-21,35.0,0.0,0.0
call,658.0,2026-08-21,35.0,0.0,0.0
call,659.0,2026-08-21,21.0,0.0,0.0
call,660.0,2026-08-21,589.0,0.0,0.0
call,661.0,2026-08-21,7.0,0.0,0.0
call,662.0,2026-08-21,29.0,0.0,0.0
call,663.0,2026-08-21,3.0,0.0,0.0
call,664.0,2026-08-21,4.0,0.0,0.0
call,665.0,2026-08-21,1646.0,0.0,0.0
call,666.0,2026-08-21,64.0,0.0,0.0
call,667.0,2026-08-21,2.0,0.0,0.0
call,668.0,2026-08-21,17.0,0.0,0.0
call,669.0,2026-08-21,7.0,0.0,0.0
call,670.0,2026-08-21,1671.0,0.0,0.0
call,671.0,2026-08-21,8.0,0.0,0.0
call,672.0,2026-08-21,6.0,0.0,0.0
call,673.0,2026-08-21,38.0,0.0,0.0
call,674.0,2026-08-21,48.0,0.0,0.0
call,675.0,2026-08-21,4684.0,0.0,0.0
call,676.0,2026-08-21,5.0,0.0,0.0
call,677.0,2026-08-21,5.0,0.0,0.0
call,678.0,2026-08-21,32.0,0.0,0.0
call,679.0,2026-08-21,5.0,0.0,0.0
call,680.0,2026-08-21,2175.0,0.0,0.0
call,681.0,2026-08-21,70.0,0.0,0.0
call,682.0,2026-08-21,22.0,0.0,0.0
call,683.0,2026-08-21,12.0,0.0,0.0
call,684.0,2026-08-21,8.0,0.0,0.0
call,685.0,2026-08-21,1511.0,0.0,0.0
call,686.0,2026-08-21,110.0,0.0,0.0
call,687.0,2026-08-21,100.0,0.0,0.0
call,688.0,2026-08-21,219.0,0.0,0.0
call,689.0,2026-08-21,221.0,0.0,0.0
call,690.0,2026-08-21,5696.0,0.0,0.0
call,691.0,2026-08-21,9.0,0.0,0.0
call,692.0,2026-08-21,12.0,0.0,0.0
call,693.0,2026-08-21,102.0,0.0,0.0
call,694.0,2026-08-21,284.0,0.0,0.0
call,695.0,2026-08-21,3057.0,0.0,0.0
call,696.0,2026-08-21,149.0,0.0,0.0
call,697.0,2026-08-21,233.0,0.0,0.0
call,698.0,2026-08-21,481.0,0.0,0.0
call,699.0,2026-08-21,465.0,0.0,0.0
call,700.0,2026-08-21,5440.0,0.0,0.0
call,701.0,2026-08-21,120.0,0.0,0.0
call,702.0,2026-08-21,44.0,0.0,0.0
call,703.0,2026-08-21,18.0,0.0,0.0
call,704.0,2026-08-21,79.0,0.0,0.0
call,705.0,2026-08-21,2628.0,0.0,0.0
call,706.0,2026-08-21,55.0,0.0,0.0
call,707.0,2026-08-21,23.0,0.0,0.0
call,708.0,2026-08-21,198.0,0.0,0.0
call,709.0,2026-08-21,526.0,0.0,0.0
call,710.0,2026-08-21,3913.0,0.0,0.0
call,711.0,2026-08-21,930.0,0.0,0.0
call,712.0,2026-08-21,98.0,0.0,0.0
call,713.0,2026-08-21,112.0,0.0,0.0
call,714.0,2026-08-21,18.0,0.0,0.0
call,715.0,2026-08-21,1471.0,0.0,0.0
call,716.0,2026-08-21,69.0,0.0,0.0
call,717.0,2026-08-21,20.0,0.0,0.0
call,718.0,2026-08-21,28.0,0.0,0.0
call,719.0,2026-08-21,37.0,0.0,0.0
call,720.0,2026-08-21,4944.0,0.0,0.0
call,721.0,2026-08-21,101.0,0.0,0.0
call,722.0,2026-08-21,128.0,0.0,0.0
call,723.0,2026-08-21,72.0,0.0,0.0
call,724.0,2026-08-21,121.0,0.0,0.0
call,725.0,2026-08-21,3134.0,0.0,0.0
call,726.0,2026-08-21,1814.0,0.0,0.0
call,727.0,2026-08-21,326.0,0.0,0.0
call,728.0,2026-08-21,141.0,0.0,0.0
call,729.0,2026-08-21,194.0,0.0,0.0
call,730.0,2026-08-21,19508.0,0.0,0.0
call,731.0,2026-08-21,183.0,0.0,0.0
call,732.0,2026-08-21,344.0,0.0,0.0
call,733.0,2026-08-21,363.0,0.0,0.0
call,734.0,2026-08-21,1003.0,0.0,0.0
call,735.0,2026-08-21,11192.0,0.0,0.0
call,736.0,2026-08-21,813.0,0.0,0.0
call,737.0,2026-08-21,2280.0,0.0,0.0
call,738.0,2026-08-21,2313.0,0.0,0.0
call,739.0,2026-08-21,1536.0,0.0,0.0
call,740.0,2026-08-21,7283.0,0.0,0.0
call,741.0,2026-08-21,5024.0,0.0,0.0
call,742.0,2026-08-21,2279.0,0.0,0.0
call,743.0,2026-08-21,2396.0,0.0,0.0
call,744.0,2026-08-21,5187.0,0.0,0.0
call,745.0,2026-08-21,12471.0,0.0,0.0
call,746.0,2026-08-21,2622.0,0.0,0.0
call,747.0,2026-08-21,2400.0,0.0,0.0
call,748.0,2026-08-21,3907.0,0.0,0.0
call,749.0,2026-08-21,3481.0,0.0,0.0
call,750.0,2026-08-21,31603.0,0.0,0.0
call,751.0,2026-08-21,4350.0,0.0,0.0
call,752.0,2026-08-21,6894.0,0.0,0.0
call,753.0,2026-08-21,3160.0,0.0,0.0
call,754.0,2026-08-21,4909.0,0.0,0.0
call,755.0,2026-08-21,9859.0,0.0,0.0
call,756.0,2026-08-21,13047.0,0.0,0.0
call,757.0,2026-08-21,4595.0,0.0,0.0
call,758.0,2026-08-21,2832.0,0.0,0.0
call,759.0,2026-08-21,3251.0,0.0,0.0
call,760.0,2026-08-21,16140.0,0.0,0.0
call,761.0,2026-08-21,2315.0,0.0,0.0
call,762.0,2026-08-21,3728.0,0.0,0.0
call,763.0,2026-08-21,4124.0,0.0,0.0
call,764.0,2026-08-21,3516.0,0.0,0.0
call,765.0,2026-08-21,11100.0,0.0,0.0
call,766.0,2026-08-21,3665.0,0.0,0.0
call,767.0,2026-08-21,4561.0,0.0,0.0
call,768.0,2026-08-21,5625.0,0.0,0.0
call,769.0,2026-08-21,5284.0,0.0,0.0
call,770.0,2026-08-21,30568.0,0.0,0.0
call,771.0,2026-08-21,8031.0,0.0,0.0
call,772.0,2026-08-21,10416.0,0.0,0.0
call,773.0,2026-08-21,13832.0,0.0,0.0
call,774.0,2026-08-21,8308.0,0.0,0.0
call,775.0,2026-08-21,61114.0,0.0,0.0
call,776.0,2026-08-21,13005.0,0.0,0.0
call,777.0,2026-08-21,13628.0,0.0,0.0
call,778.0,2026-08-21,9067.0,0.0,0.0
call,779.0,2026-08-21,8905.0,0.0,0.0
call,780.0,2026-08-21,55212.0,0.0,0.0
call,781.0,2026-08-21,6261.0,0.0,0.0
call,782.0,2026-08-21,5587.0,0.0,0.0
call,783.0,2026-08-21,7985.0,0.0,0.0
call,784.0,2026-08-21,10038.0,0.0,0.0
call,785.0,2026-08-21,41632.0,0.0,0.0
call,786.0,2026-08-21,3711.0,0.0,0.0
call,787.0,2026-08-21,4253.0,0.0,0.0
call,788.0,2026-08-21,10824.0,0.0,0.0
call,789.0,2026-08-21,4769.0,0.0,0.0
call,790.0,2026-08-21,20454.0,0.0,0.0
call,791.0,2026-08-21,2632.0,0.0,0.0
call,792.0,2026-08-21,2362.0,0.0,0.0
call,793.0,2026-08-21,2390.0,0.0,0.0
call,794.0,2026-08-21,3427.0,0.0,0.0
call,795.0,2026-08-21,9939.0,0.0,0.0
call,796.0,2026-08-21,2782.0,0.0,0.0
call,797.0,2026-08-21,2079.0,0.0,0.0
call,798.0,2026-08-21,1954.0,0.0,0.0
call,799.0,2026-08-21,2475.0,0.0,0.0
call,800.0,2026-08-21,24006.0,0.0,0.0
call,801.0,2026-08-21,1053.0,0.0,0.0
call,802.0,2026-08-21,1235.0,0.0,0.0
call,803.0,2026-08-21,2010.0,0.0,0.0
call,804.0,2026-08-21,963.0,0.0,0.0
call,805.0,2026-08-21,10813.0,0.0,0.0
call,806.0,2026-08-21,1023.0,0.0,0.0
call,807.0,2026-08-21,1510.0,0.0,0.0
call,808.0,2026-08-21,525.0,0.0,0.0
call,809.0,2026-08-21,745.0,0.0,0.0
call,810.0,2026-08-21,8695.0,0.0,0.0
call,811.0,2026-08-21,108.0,0.0,0.0
call,812.0,2026-08-21,38.0,0.0,0.0
call,815.0,2026-08-21,4030.0,0.0,0.0
call,820.0,2026-08-21,11094.0,0.0,0.0
call,825.0,2026-08-21,20759.0,0.0,0.0
call,830.0,2026-08-21,13769.0,0.0,0.0
call,835.0,2026-08-21,2751.0,0.0,0.0
call,840.0,2026-08-21,5927.0,0.0,0.0
call,845.0,2026-08-21,5510.0,0.0,0.0
call,850.0,2026-08-21,16042.0,0.0,0.0
call,855.0,2026-08-21,2139.0,0.0,0.0
call,860.0,2026-08-21,6968.0,0.0,0.0
call,870.0,2026-08-21,5620.0,0.0,0.0
call,880.0,2026-08-21,4520.0,0.0,0.0
call,890.0,2026-08-21,7109.0,0.0,0.0
call,900.0,2026-08-21,10062.0,0.0,0.0
call,905.0,2026-08-21,9440.0,0.0,0.0
call,910.0,2026-08-21,17695.0,0.0,0.0
call,915.0,2026-08-21,4625.0,0.0,0.0
call,920.0,2026-08-21,6672.0,0.0,0.0
call,925.0,2026-08-21,2857.0,0.0,0.0
call,930.0,2026-08-21,14634.0,0.0,0.0
call,935.0,2026-08-21,5869.0,0.0,0.0
call,940.0,2026-08-21,6648.0,0.0,0.0
call,945.0,2026-08-21,3951.0,0.0,0.0
call,950.0,2026-08-21,5299.0,0.0,0.0
call,955.0,2026-08-21,32782.0,0.0,0.0
call,960.0,2026-08-21,1391.0,0.0,0.0
call,965.0,2026-08-21,3909.0,0.0,0.0
call,970.0,2026-08-21,4389.0,0.0,0.0
call,975.0,2026-08-21,4635.0,0.0,0.0
call,980.0,2026-08-21,5937.0,0.0,0.0
call,985.0,2026-08-21,4155.0,0.0,0.0
call,990.0,2026-08-21,4480.0,0.0,0.0
call,995.0,2026-08-21,4034.0,0.0,0.0
call,1000.0,2026-08-21,3928.0,0.0,0.0
put,360.0,2026-08-21,26722.0,0.0,-0.0
put,365.0,2026-08-21,9019.0,0.0,-0.0
put,370.0,2026-08-21,15410.0,0.0,-0.0
put,375.0,2026-08-21,6782.0,0.0,-0.0
put,380.0,2026-08-21,11595.0,0.0,-0.0
put,385.0,2026-08-21,5429.0,0.0,-0.0
put,390.0,2026-08-21,5735.0,0.0,-0.0
put,395.0,2026-08-21,8576.0,0.0,-0.0
put,400.0,2026-08-21,21199.0,0.0,-0.0
put,405.0,2026-08-21,6535.0,0.0,-0.0
put,410.0,2026-08-21,10409.0,0.0,-0.0
put,415.0,2026-08-21,2101.0,0.0,-0.0
put,420.0,2026-08-21,1634.0,0.0,-0.0
put,425.0,2026-08-21,4758.0,0.0,-0.0
put,430.0,2026-08-21,11124.0,0.0,-0.0
put,435.0,2026-08-21,3951.0,0.0,-0.0
put,440.0,2026-08-21,101615.0,0.0,-0.0
put,445.0,2026-08-21,1830.0,0.0,-0.0
put,450.0,2026-08-21,11729.0,0.0,-0.0
put,455.0,2026-08-21,855.0,0.0,-0.0
put,460.0,2026-08-21,1206.0,0.0,-0.0
put,465.0,2026-08-21,2208.0,0.0,-0.0
put,470.0,2026-08-21,103160.0,0.0,-0.0
put,475.0,2026-08-21,1394.0,0.0,-0.0
put,480.0,2026-08-21,7456.0,0.0,-0.0
put,485.0,2026-08-21,1843.0,0.0,-0.0
put,490.0,2026-08-21,1695.0,0.0,-0.0
put,495.0,2026-08-21,2822.0,0.0,-0.0
put,500.0,2026-08-21,10389.0,0.0,-0.0
put,505.0,2026-08-21,1491.0,0.0,-0.0
put,510.0,2026-08-21,4918.0,0.0,-0.0
put,515.0,2026-08-21,5832.0,0.0,-0.0
put,520.0,2026-08-21,238590.0,0.0,-0.0
put,525.0,2026-08-21,6053.0,0.0,-0.0
put,530.0,2026-08-21,5426.0,0.0,-0.0
put,535.0,2026-08-21,5694.0,0.0,-0.0
put,540.0,2026-08-21,14846.0,0.0,-0.0
put,545.0,2026-08-21,1687.0,0.0,-0.0
put,550.0,2026-08-21,216785.0,0.0,-0.0
put,555.0,2026-08-21,5455.0,0.0,-0.0
put,560.0,2026-08-21,8708.0,0.0,-0.0
put,565.0,2026-08-21,5464.0,0.0,-0.0
put,570.0,2026-08-21,3013.0,0.0,-0.0
put,575.0,2026-08-21,7242.0,0.0,-0.0
put,580.0,2026-08-21,7741.0,0.0,-0.0
put,585.0,2026-08-21,3927.0,0.0,-0.0
put,590.0,2026-08-21,3098.0,0.0,-0.0
put,595.0,2026-08-21,4025.0,0.0,-0.0
put,600.0,2026-08-21,122086.0,0.0,-0.0
put,605.0,2026-08-21,14877.0,0.0,-0.0
put,610.0,2026-08-21,4529.0,0.0,-0.0
put,615.0,2026-08-21,49140.0,0.0,-0.0
put,620.0,2026-08-21,14391.0,0.0,-0.0
put,625.0,2026-08-21,7610.0,0.0,-0.0
put,630.0,2026-08-21,115978.0,0.0,-0.0
put,635.0,2026-08-21,16054.0,0.0,-0.0
put,640.0,2026-08-21,8519.0,0.0,-0.0
put,645.0,2026-08-21,4468.0,0.0,-0.0
put,650.0,2026-08-21,24929.0,0.0,-0.0
put,651.0,2026-08-21,1904.0,0.0,-0.0
put,652.0,2026-08-21,3865.0,0.0,-0.0
put,653.0,2026-08-21,1617.0,0.0,-0.0
put,654.0,2026-08-21,8387.0,0.0,-0.0
put,655.0,2026-08-21,12153.0,0.0,-0.0
put,656.0,2026-08-21,3884.0,0.0,-0.0
put,657.0,2026-08-21,4261.0,0.0,-0.0
put,658.0,2026-08-21,1843.0,0.0,-0.0
put,659.0,2026-08-21,1720.0,0.0,-0.0
put,660.0,2026-08-21,12848.0,0.0,-0.0
put,661.0,2026-08-21,1557.0,0.0,-0.0
put,662.0,2026-08-21,3103.0,0.0,-0.0
put,663.0,2026-08-21,2703.0,0.0,-0.0
put,664.0,2026-08-21,3504.0,0.0,-0.0
put,665.0,2026-08-21,4791.0,0.0,-0.0
put,666.0,2026-08-21,5781.0,0.0,-0.0
put,667.0,2026-08-21,4565.0,0.0,-0.0
put,668.0,2026-08-21,1512.0,0.0,-0.0
put,669.0,2026-08-21,1660.0,0.0,-0.0
put,670.0,2026-08-21,8821.0,0.0,-0.0
put,671.0,2026-08-21,1805.0,0.0,-0.0
put,672.0,2026-08-21,2415.0,0.0,-0.0
put,673.0,2026-08-21,2493.0,0.0,-0.0
put,674.0,2026-08-21,3754.0,0.0,-0.0
put,675.0,2026-08-21,22141.0,0.0,-0.0
put,676.0,2026-08-21,3812.0,0.0,-0.0
put,677.0,2026-08-21,4468.0,0.0,-0.0
put,678.0,2026-08-21,2702.0,0.0,-0.0
put,679.0,2026-08-21,1893.0,0.0,-0.0
put,680.0,2026-08-21,21472.0,0.0,-0.0
put,681.0,2026-08-21,3144.0,0.0,-0.0
put,682.0,2026-08-21,2637.0,0.0,-0.0
put,683.0,2026-08-21,1978.0,0.0,-0.0
put,684.0,2026-08-21,2272.0,0.0,-0.0
put,685.0,2026-08-21,15607.0,0.0,-0.0
put,686.0,2026-08-21,3824.0,0.0,-0.0
put,687.0,2026-08-21,3534.0,0.0,-0.0
put,688.0,2026-08-21,1447.0,0.0,-0.0
put,689.0,2026-08-21,2089.0,0.0,-0.0
put,690.0,2026-08-21,27729.0,0.0,-0.0
put,691.0,2026-08-21,7478.0,0.0,-0.0
put,692.0,2026-08-21,1641.0,0.0,-0.0
put,693.0,2026-08-21,2018.0,0.0,-0.0
put,694.0,2026-08-21,1543.0,0.0,-0.0
put,695.0,2026-08-21,33169.0,0.0,-0.0
put,696.0,2026-08-21,4975.0,0.0,-0.0
put,697.0,2026-08-21,6252.0,0.0,-0.0
put,698.0,2026-08-21,1631.0,0.0,-0.0
put,699.0,2026-08-21,3128.0,0.0,-0.0
put,700.0,2026-08-21,50611.0,0.0,-0.0
put,701.0,2026-08-21,5224.0,0.0,-0.0
put,702.0,2026-08-21,13773.0,0.0,-0.0
put,703.0,2026-08-21,2481.0,0.0,-0.0
put,704.0,2026-08-21,24130.0,0.0,-0.0
put,705.0,2026-08-21,21589.0,0.0,-0.0
put,706.0,2026-08-21,36387.0,0.0,-0.0
put,707.0,2026-08-21,1857.0,0.0,-0.0
put,708.0,2026-08-21,23582.0,0.0,-0.0
put,709.0,2026-08-21,8521.0,0.0,-0.0
put,710.0,2026-08-21,47338.0,0.0,-0.0
put,711.0,2026-08-21,3478.0,0.0,-0.0
put,712.0,2026-08-21,17003.0,0.0,-0.0
put,713.0,2026-08-21,8514.0,0.0,-0.0
put,714.0,2026-08-21,23279.0,0.0,-0.0
put,715.0,2026-08-21,45787.0,0.0,-0.0
put,716.0,2026-08-21,10161.0,0.0,-0.0
put,717.0,2026-08-21,4578.0,0.0,-0.0
put,718.0,2026-08-21,22095.0,0.0,-0.0
put,719.0,2026-08-21,3871.0,0.0,-0.0
put,720.0,2026-08-21,74425.0,0.0,-0.0
put,721.0,2026-08-21,11038.0,0.0,-0.0
put,722.0,2026-08-21,10559.0,0.0,-0.0
put,723.0,2026-08-21,5089.0,0.0,-0.0
put,724.0,2026-08-21,5119.0,0.0,-0.0
put,725.0,2026-08-21,41730.0,0.0,-0.0
put,726.0,2026-08-21,5048.0,0.0,-0.0
put,727.0,2026-08-21,16483.0,0.0,-0.0
put,728.0,2026-08-21,4279.0,0.0,-0.0
put,729.0,2026-08-21,5485.0,0.0,-0.0
put,730.0,2026-08-21,54998.0,0.0,-0.0
put,731.0,2026-08-21,4141.0,0.0,-0.0
put,732.0,2026-08-21,5988.0,0.0,-0.0
put,733.0,2026-08-21,5737.0,0.0,-0.0
put,734.0,2026-08-21,7448.0,0.0,-0.0
put,735.0,2026-08-21,50946.0,0.0,-0.0
put,736.0,2026-08-21,3076.0,0.0,-0.0
put,737.0,2026-08-21,21946.0,0.0,-0.0
put,738.0,2026-08-21,3813.0,0.0,-0.0
put,739.0,2026-08-21,5845.0,0.0,-0.0
put,740.0,2026-08-21,32963.0,0.0,-0.0
put,741.0,2026-08-21,3726.0,0.0,-0.0
put,742.0,2026-08-21,5226.0,0.0,-0.0
put,743.0,2026-08-21,7214.0,0.0,-0.0
put,744.0,2026-08-21,5840.0,0.0,-0.0
put,745.0,2026-08-21,29170.0,0.0,-0.0
put,746.0,2026-08-21,6977.0,0.0,-0.0
put,747.0,2026-08-21,9873.0,0.0,-0.0
put,748.0,2026-08-21,3412.0,0.0,-0.0
put,749.0,2026-08-21,3985.0,0.0,-0.0
put,750.0,2026-08-21,55501.0,0.0,-0.0
put,751.0,2026-08-21,6811.0,0.0,-0.0
put,752.0,2026-08-21,14620.0,0.0,-0.0
put,753.0,2026-08-21,3545.0,0.0,-0.0
put,754.0,2026-08-21,5803.0,0.0,-0.0
put,755.0,2026-08-21,47334.0,0.0,-0.0
put,756.0,2026-08-21,9111.0,0.0,-0.0
put,757.0,2026-08-21,12601.0,0.0,-0.0
put,758.0,2026-08-21,6666.0,0.0,-0.0
put,759.0,2026-08-21,5164.0,0.0,-0.0
put,760.0,2026-08-21,22906.0,0.0,-0.0
put,761.0,2026-08-21,11521.0,0.0,-0.0
put,762.0,2026-08-21,4137.0,0.0,-0.0
put,763.0,2026-08-21,6367.0,0.0,-0.0
put,764.0,2026-08-21,6749.0,0.0,-0.0
put,765.0,2026-08-21,41048.0,0.0,-0.0
put,766.0,2026-08-21,10618.0,0.0,-0.0
put,767.0,2026-08-21,6698.0,0.0,-0.0
put,768.0,2026-08-21,9905.0,0.0,-0.0
put,769.0,2026-08-21,8641.0,0.0,-0.0
put,770.0,2026-08-21,19105.0,0.0,-0.0
put,771.0,2026-08-21,5883.0,0.0,-0.0
put,772.0,2026-08-21,4808.0,0.0,-0.0
put,773.0,2026-08-21,7009.0,0.0,-0.0
put,774.0,2026-08-21,4226.0,0.0,-0.0
put,775.0,2026-08-21,10161.0,0.0,-0.0
put,776.0,2026-08-21,4994.0,0.0,-0.0
put,777.0,2026-08-21,2151.0,0.0,-0.0
put,778.0,2026-08-21,159.0,0.0,-0.0
put,779.0,2026-08-21,25.0,0.0,-0.0
put,780.0,2026-08-21,657.0,0.0,-0.0
put,781.0,2026-08-21,11.0,0.0,-0.0
put,782.0,2026-08-21,9.0,0.0,-0.0
put,783.0,2026-08-21,3207.0,0.0,-0.0
put,784.0,2026-08-21,10.0,0.0,-0.0
put,785.0,2026-08-21,104.0,0.0,-0.0
put,786.0,2026-08-21,0.0,0.0,-0.0
put,787.0,2026-08-21,0.0,0.0,-0.0
put,788.0,2026-08-21,1.0,0.0,-0.0
put,789.0,2026-08-21,2.0,0.0,-0.0
put,790.0,2026-08-21,8.0,0.0,-0.0
put,791.0,2026-08-21,0.0,0.0,-0.0
put,792.0,2026-08-21,0.0,0.0,-0.0
put,793.0,2026-08-21,2.0,0.0,-0.0
put,794.0,2026-08-21,0.0,0.0,-0.0
put,795.0,2026-08-21,11.0,0.0,-0.0
put,796.0,2026-08-21,0.0,0.0,-0.0
put,797.0,2026-08-21,0.0,0.0,-0.0
put,798.0,2026-08-21,0.0,0.0,-0.0
put,799.0,2026-08-21,0.0,0.0,-0.0
put,800.0,2026-08-21,23.0,0.0,-0.0
put,802.0,2026-08-21,0.0,0.0,-0.0
put,805.0,2026-08-21,6.0,0.0,-0.0
put,807.0,2026-08-21,0.0,0.0,-0.0
put,808.0,2026-08-21,0.0,0.0,-0.0
put,810.0,2026-08-21,0.0,0.0,-0.0
put,815.0,2026-08-21,0.0,0.0,-0.0
put,820.0,2026-08-21,0.0,0.0,-0.0
put,825.0,2026-08-21,0.0,0.0,-0.0
put,830.0,2026-08-21,0.0,0.0,-0.0
put,835.0,2026-08-21,0.0,0.0,-0.0
put,840.0,2026-08-21,0.0,0.0,-0.0
put,845.0,2026-08-21,0.0,0.0,-0.0
put,850.0,2026-08-21,1.0,0.0,-0.0
put,855.0,2026-08-21,0.0,0.0,-0.0
put,860.0,2026-08-21,0.0,0.0,-0.0
put,870.0,2026-08-21,0.0,0.0,-0.0
call,585.0,2026-08-24,4.0,4.441466046832886e-05,103.31893285577402
call,635.0,2026-08-24,4.0,0.00010719291337922391,249.35589517655373
call,690.0,2026-08-24,1.0,0.00160872999706991,935.5709623675834
call,700.0,2026-08-24,4.0,0.001767345212841467,4111.260098650298
call,708.0,2026-08-24,2.0,0.0022485161352991207,2615.288343516131
call,715.0,2026-08-24,1.0,0.0033424904117161317,1943.8544546874555
call,718.0,2026-08-24,11.0,0.0029838613044073066,19088.19626004565
call,721.0,2026-08-24,2.0,0.0038087414881499376,4430.013670370974
call,724.0,2026-08-24,10.0,0.004594207706864818,26718.015661153244
call,725.0,2026-08-24,7.0,0.004771133714133117,19422.861002481663
call,730.0,2026-08-24,7.0,0.005794371366286178,23588.3704769705
call,739.0,2026-08-24,9.0,0.008162121773000028,42720.77802012713
call,740.0,2026-08-24,5.0,0.007541199077671381,21928.250518585766
call,745.0,2026-08-24,71.0,0.010858218441961555,448343.10705032427
call,746.0,2026-08-24,8.0,0.012037098291416923,56002.236065097684
call,749.0,2026-08-24,18.0,0.013600156345764508,142367.21196892313
call,750.0,2026-08-24,56.0,0.015573662646182474,507191.9640069069
call,751.0,2026-08-24,26.0,0.017835823925757922,269687.05352423975
call,752.0,2026-08-24,23.0,0.02041984373733191,273132.77958708006
call,753.0,2026-08-24,12.0,0.02323878558768969,162176.62157946787
call,754.0,2026-08-24,25.0,0.026593669385586494,386644.5100370265
call,755.0,2026-08-24,26.0,0.030390959102188607,459527.3113348271
call,756.0,2026-08-24,58.0,0.034549779910696986,1165378.1008445937
call,757.0,2026-08-24,20.0,0.03887563816922406,452169.3296063324
call,758.0,2026-08-24,53.0,0.0438589576918815,1351847.6491029372
call,759.0,2026-08-24,50.0,0.04870432188768177,1416221.1615035494
call,760.0,2026-08-24,80.0,0.05362909318854602,2495077.355016383
call,761.0,2026-08-24,21.0,0.057890083965222223,706996.1491214243
call,762.0,2026-08-24,138.0,0.06217196376472943,4989617.401744102
call,763.0,2026-08-24,47.0,0.06451909274303116,1763517.1349668822
call,764.0,2026-08-24,137.0,0.06525083961531483,5198765.707593744
call,765.0,2026-08-24,238.0,0.06393907670502734,8849870.012416875
call,766.0,2026-08-24,131.0,0.0602621380313493,4591022.335212072
call,767.0,2026-08-24,217.0,0.054598014521198446,6890173.495112592
call,768.0,2026-08-24,696.0,0.04739051694984262,19182016.48188861
call,769.0,2026-08-24,1365.0,0.039229846086582656,31141736.786608353
call,770.0,2026-08-24,1680.0,0.031047067313139786,30333563.92447473
call,771.0,2026-08-24,1077.0,0.0234782349053338,14705328.171721838
call,772.0,2026-08-24,9294.0,0.01745966358396685,94369599.8621864
call,773.0,2026-08-24,2173.0,0.012253339267652449,15484876.953968687
call,774.0,2026-08-24,1219.0,0.008640726229171773,6125584.355987407
call,775.0,2026-08-24,1925.0,0.005803977670673833,6497556.144128952
call,776.0,2026-08-24,1538.0,0.004236773261598411,3789528.102954545
call,777.0,2026-08-24,1549.0,0.002898873616851955,2611405.253770013
call,778.0,2026-08-24,972.0,0.002187497178235733,1236537.6392032409
call,779.0,2026-08-24,1179.0,0.0016014678410905974,1098058.8112176459
call,780.0,2026-08-24,6165.0,0.0010836005287046778,3885043.297768019
call,781.0,2026-08-24,1092.0,0.0009437562900808634,599343.8753042929
call,782.0,2026-08-24,1937.0,0.0008297964518659395,934748.4814258041
call,783.0,2026-08-24,744.0,0.000735850933624468,318387.75365270756
call,784.0,2026-08-24,619.0,0.00043240037384862675,155657.58345638603
call,785.0,2026-08-24,2011.0,0.00039306528292602495,459695.5837853145
call,786.0,2026-08-24,566.0,0.00035947116350643906,118324.33234705361
call,787.0,2026-08-24,1153.0,0.0003305499652569409,221646.05059187656
call,788.0,2026-08-24,665.0,0.0003054693351249326,118136.15699185149
call,789.0,2026-08-24,317.0,0.00028357337227554775,52277.91811634252
call,790.0,2026-08-24,1134.0,0.00026433991250621544,174328.89226618072
call,791.0,2026-08-24,465.0,0.0002473493142408832,66889.39033887521
call,792.0,2026-08-24,333.0,0.00023226136378234872,44979.5161488476
call,793.0,2026-08-24,835.0,0.00021879798937333896,106248.63916808752
call,794.0,2026-08-24,540.0,0.00020673018316360515,64921.900289756195
call,795.0,2026-08-24,348.0,0.0001958680069949006,39640.24429642072
call,796.0,2026-08-24,219.0,0.00017383753235295047,22140.184589101933
call,797.0,2026-08-24,123.0,0.0001657733723986182,11858.054938605144
call,798.0,2026-08-24,563.0,0.0001482640015145533,48544.23774753341
call,799.0,2026-08-24,455.0,0.00014218796304556235,37624.2458324212
call,800.0,2026-08-24,1264.0,5.718577744927223e-05,42036.706044769024
call,801.0,2026-08-24,348.0,0.000131477265271557,26608.689161397953
call,802.0,2026-08-24,178.0,5.5341477618156516e-05,5728.8087890255665
call,803.0,2026-08-24,126.0,5.4490336620393596e-05,3992.8556515577516
call,804.0,2026-08-24,96.0,5.3682121807213694e-05,2997.05339457092
call,805.0,2026-08-24,307.0,5.291390125737095e-05,9447.170035325678
call,806.0,2026-08-24,239.0,4.525061955177822e-05,6289.498310080487
call,807.0,2026-08-24,211.0,4.4803842985734e-05,5497.829863056081
call,808.0,2026-08-24,57.0,3.855451260943655e-05,1278.0376472654302
call,809.0,2026-08-24,233.0,3.8327213812551974e-05,5193.459444276874
call,810.0,2026-08-24,71.0,3.810611488810903e-05,1573.4269887708265
call,815.0,2026-08-24,69.0,2.886962738783489e-05,1158.4674704929355
call,820.0,2026-08-24,140.0,2.2783291172930963e-05,1854.9750400835617
call,825.0,2026-08-24,29.0,1.8589525796876024e-05,313.5161254971933
call,830.0,2026-08-24,539.0,1.9355031025826463e-05,6067.030958990251
call,835.0,2026-08-24,61.0,1.3381917007133249e-05,474.7246043306706
call,840.0,2026-08-24,24.0,1.1711040205563896e-05,163.45578202036214
call,845.0,2026-08-24,11.0,1.0420014889828498e-05,66.65835605557822
call,850.0,2026-08-24,48.0,9.404117534186456e-06,262.51423593124474
call,855.0,2026-08-24,21.0,8.592261067713788e-06,104.93499181602483
call,860.0,2026-08-24,1750.0,7.934915917654096e-06,8075.584241039089
call,865.0,2026-08-24,1162.0,7.396767293420795e-06,4998.522575180093
call,870.0,2026-08-24,2228.0,6.952113536869146e-06,9007.94273535352
call,875.0,2026-08-24,25.0,6.581902811143564e-06,95.69407480508191
call,880.0,2026-08-24,51.0,5.421558959471553e-06,160.8007000967693
call,885.0,2026-08-24,84.0,4.521507879207371e-06,220.87987716460847
call,890.0,2026-08-24,337.0,4.4018322818722e-06,862.694374407273
call,895.0,2026-08-24,1476.0,4.302405053326744e-06,3693.101352934015
call,900.0,2026-08-24,2149.0,4.220266312266364e-06,5274.360942824705
call,905.0,2026-08-24,2540.0,3.2041742334537956e-06,4733.075305787933
call,910.0,2026-08-24,554.0,3.19132293322017e-06,1028.191695689346
call,915.0,2026-08-24,512.0,3.1851769898949046e-06,948.4121405539942
put,545.0,2026-08-24,468.0,6.96199252042607e-07,-189.48418997363976
put,550.0,2026-08-24,468.0,8.435306097911327e-07,-229.5832893317463
put,565.0,2026-08-24,1.0,1.1039578871000557e-06,-0.642016338806791
put,605.0,2026-08-24,50.0,1.8985261981174234e-06,-55.20522354552698
put,610.0,2026-08-24,433.0,1.9127470495110643e-06,-481.6582585592151
put,615.0,2026-08-24,204.0,1.914212697216185e-06,-227.09832662337402
put,620.0,2026-08-24,305.0,2.370407491910751e-06,-420.4520017946423
put,625.0,2026-08-24,267.0,1.1387413244622818e-06,-176.81940170673676
put,630.0,2026-08-24,267.0,1.412139815460758e-06,-219.2716747273041
put,635.0,2026-08-24,11.0,2.915749084434389e-06,-18.65247244787312
put,640.0,2026-08-24,865.0,3.6660034395452538e-06,-1844.1767804260305
put,655.0,2026-08-24,42.0,4.488875227519164e-06,-109.64287084638445
put,660.0,2026-08-24,494.0,5.014756657942822e-06,-1440.689485620142
put,665.0,2026-08-24,325.0,5.611251927742983e-06,-1060.5635638661065
put,670.0,2026-08-24,48.0,6.290527564887713e-06,-175.59893645499713
put,675.0,2026-08-24,29.0,1.715935380551054e-05,-289.3959845948975
put,680.0,2026-08-24,104.0,1.8769275744355236e-05,-1135.2053470249866
put,685.0,2026-08-24,262.0,2.2119581136440262e-05,-3370.3248626892128
put,690.0,2026-08-24,74.0,2.4335928167422654e-05,-1047.305076371295
put,695.0,2026-08-24,69.0,4.625014757995521e-05,-1855.9051960418776
put,700.0,2026-08-24,1020.0,5.72682932860488e-05,-33970.97300825574
put,701.0,2026-08-24,68.0,5.9884526361067374e-05,-2368.193069141788
put,703.0,2026-08-24,605.0,6.0679946919728405e-05,-21349.816218942837
put,704.0,2026-08-24,650.0,6.354630763612518e-05,-24021.34117838804
put,705.0,2026-08-24,589.0,6.659982780286332e-05,-22812.977657261774
put,706.0,2026-08-24,207.0,6.985660362168877e-05,-8409.523456019353
put,707.0,2026-08-24,396.0,7.333445890043851e-05,-16888.724524070803
put,709.0,2026-08-24,99.0,0.00010727573903092636,-6176.327035661104
put,710.0,2026-08-24,17.0,0.00010889631296748093,-1076.603211611703
put,711.0,2026-08-24,172.0,0.00011500534626843653,-11503.766313340924
put,712.0,2026-08-24,1.0,0.00012158831532761159,-70.71074536491246
put,713.0,2026-08-24,2.0,0.00012869308618659091,-149.68517366237808
put,714.0,2026-08-24,33.0,0.0001309256467035917,-2512.651411840304
put,715.0,2026-08-24,87.0,0.0001388605328043305,-7025.733206697345
put,716.0,2026-08-24,358.0,0.0001804072228508538,-37560.42708725719
put,717.0,2026-08-24,99.0,0.00019216437194119522,-11063.731803973677
put,720.0,2026-08-24,64.0,0.00021596501148018644,-8038.165519235781
put,721.0,2026-08-24,2.0,0.0002312999799975322,-269.02904188525565
put,722.0,2026-08-24,114.0,0.00029200679305272536,-19359.377127090724
put,723.0,2026-08-24,355.0,0.0003080119259172779,-63590.09289251303
put,724.0,2026-08-24,188.0,0.0003253676666608884,-35573.43607455769
put,725.0,2026-08-24,55.0,0.0003959663602755994,-12665.272990659176
put,726.0,2026-08-24,30.0,0.0004287893595080314,-7480.985767504318
put,727.0,2026-08-24,133.0,0.00044727897325679445,-34595.82545803367
put,728.0,2026-08-24,82.0,0.00046711472168831444,-22275.68055619149
put,729.0,2026-08-24,170.0,0.0004987170085830684,-49305.64851045509
put,730.0,2026-08-24,1495.0,0.000603221063926153,-524458.6648641506
put,731.0,2026-08-24,152.0,0.000648001262405667,-57281.31955011084
put,732.0,2026-08-24,228.0,0.0007708308590055078,-102208.61744125541
put,733.0,2026-08-24,287.0,0.0008170503711679518,-136371.7150732353
put,734.0,2026-08-24,410.0,0.0009766093253421521,-232861.82547288027
put,735.0,2026-08-24,235.0,0.0011250944957893298,-153762.501720525
put,736.0,2026-08-24,2088.0,0.001323104180303677,-1606638.2787532646
put,737.0,2026-08-24,48.0,0.0015176847707695131,-42365.89520863656
put,738.0,2026-08-24,357.0,0.0017459687300235304,-362491.85402855306
put,739.0,2026-08-24,526.0,0.001997664729873779,-611085.417476917
put,740.0,2026-08-24,150.0,0.002388872112648988,-208390.4122016852
put,741.0,2026-08-24,64.0,0.0028358124868494428,-105548.25522236388
put,742.0,2026-08-24,134.0,0.00334527887889158,-260693.79902092795
put,743.0,2026-08-24,308.0,0.004034051256373194,-722579.6104356315
put,744.0,2026-08-24,222.0,0.004797648502448554,-619405.3824483721
put,745.0,2026-08-24,464.0,0.005657690254591255,-1526689.5108691913
put,746.0,2026-08-24,231.0,0.00675410292820432,-907346.6261107443
put,747.0,2026-08-24,490.0,0.008115542918184438,-2312635.7392762234
put,748.0,2026-08-24,307.0,0.00962051021056249,-1717631.730529605
put,749.0,2026-08-24,754.0,0.011441220407316901,-5016921.111310408
put,750.0,2026-08-24,2079.0,0.013577371775286404,-16415865.05630792
put,751.0,2026-08-24,281.0,0.01604679010023769,-2622334.3621974243
put,752.0,2026-08-24,294.0,0.018911041410281562,-3233377.0400761142
put,753.0,2026-08-24,743.0,0.022256692547965883,-9617075.252516117
put,754.0,2026-08-24,656.0,0.025986696775846883,-9913990.361890284
put,755.0,2026-08-24,3346.0,0.030186660107311317,-58740085.65131936
put,756.0,2026-08-24,5291.0,0.034825913985637884,-107160284.67328587
put,757.0,2026-08-24,1161.0,0.03984501809860263,-26902944.905179683
put,758.0,2026-08-24,946.0,0.04514449251011617,-24836448.040181484
put,759.0,2026-08-24,801.0,0.05056808922388201,-23556059.01869384
put,760.0,2026-08-24,3043.0,0.055950115537596226,-99013979.13398565
put,761.0,2026-08-24,2497.0,0.060714408922274817,-88166558.28315508
put,762.0,2026-08-24,1095.0,0.06487612618925136,-41313558.40750107
put,763.0,2026-08-24,1703.0,0.06722518999501137,-66579458.75966798
put,764.0,2026-08-24,652.0,0.06692770093689525,-25377397.15488914
put,765.0,2026-08-24,13791.0,0.06570534191321319,-526974999.52832526
put,766.0,2026-08-24,5739.0,0.061370023984507555,-204826475.39492697
put,767.0,2026-08-24,1480.0,0.05531118360173684,-47606717.90916013
put,768.0,2026-08-24,1798.0,0.0474692164816427,-49635834.1599662
put,769.0,2026-08-24,3230.0,0.03904445862416962,-73342464.9277618
put,770.0,2026-08-24,3902.0,0.03176931401290801,-72092265.99701767
put,771.0,2026-08-24,2171.0,0.02523994962880204,-31867051.438046575
put,772.0,2026-08-24,3053.0,0.023563154642186127,-41836352.3342316
put,773.0,2026-08-24,1019.0,0.02129158136813494,-12617568.658526717
put,774.0,2026-08-24,1160.0,0.0183410187808128,-12373000.169370664
put,775.0,2026-08-24,1187.0,0.01678053612554047,-11583775.314716812
put,776.0,2026-08-24,631.0,0.012553024632931526,-4606502.533551952
put,777.0,2026-08-24,466.0,0.011230161307516702,-3043445.192156113
put,778.0,2026-08-24,232.0,0.010592792266544573,-1429196.731919556
put,779.0,2026-08-24,18.0,0.014903888425559448,-156014.75370565138
put,780.0,2026-08-24,22.0,0.010079971658799279,-128966.09975447717
put,781.0,2026-08-24,0.0,0.01304149818236367,-0.0
put,782.0,2026-08-24,2.0,0.01224904334446893,-14247.076004972429
put,783.0,2026-08-24,0.0,0.011528793617348562,-0.0
put,784.0,2026-08-24,1.0,0.01087672375404828,-6325.453574257615
put,785.0,2026-08-24,0.0,0.01028265569781969,-0.0
put,786.0,2026-08-24,1.0,0.009737699919132679,-5663.044327626717
put,787.0,2026-08-24,0.0,0.009239691135070355,-0.0
put,790.0,2026-08-24,0.0,0.007968183532513365,-0.0
put,791.0,2026-08-24,0.0,0.007604050394657366,-0.0
put,794.0,2026-08-24,0.0,0.006661952014710605,-0.0
put,795.0,2026-08-24,0.0,0.00638931797004025,-0.0
put,800.0,2026-08-24,1.0,0.00526101985756836,-3059.5919888017734
call,520.0,2026-08-25,4.0,3.6254965719837915e-05,84.33756623147868
call,660.0,2026-08-25,1.0,0.00031290918882181815,181.97506819223338
call,715.0,2026-08-25,1.0,0.0032301302385826943,1878.5104159104683
call,720.0,2026-08-25,9.0,0.003959171786892193,20722.417988282916
call,731.0,2026-08-25,4.0,0.006263214522119257,14569.708151514242
call,732.0,2026-08-25,13.0,0.006634706619569436,50160.1295986503
call,737.0,2026-08-25,9.0,0.00849725078520485,44474.85282281712
call,746.0,2026-08-25,5.0,0.011911447926673948,34636.03221251249
call,749.0,2026-08-25,51.0,0.016002169854010834,474616.2745490401
call,750.0,2026-08-25,87.0,0.017727887163920975,896953.2452223097
call,751.0,2026-08-25,23.0,0.0195931593695674,262075.17297102613
call,752.0,2026-08-25,18.0,0.021682137759194375,226969.85415641536
call,754.0,2026-08-25,2.0,0.026408488602446305,30716.17380351535
call,755.0,2026-08-25,5.0,0.029004668097861824,84339.5886658838
call,757.0,2026-08-25,8.0,0.03485114538846471,162143.90079173274
call,758.0,2026-08-25,33.0,0.03791396883735355,727623.5766344492
call,759.0,2026-08-25,61.0,0.04120591268805878,1461783.1351439112
call,760.0,2026-08-25,186.0,0.04410014890426338,4770309.68630392
call,761.0,2026-08-25,83.0,0.04624272071964209,2232107.1807030784
call,762.0,2026-08-25,45.0,0.04891331366744762,1280068.3900160876
call,764.0,2026-08-25,26.0,0.051234048144132266,774685.7976185657
call,765.0,2026-08-25,179.0,0.05115104892193656,5324773.6235523755
call,767.0,2026-08-25,87.0,0.04753477118867216,2405050.6912832404
call,768.0,2026-08-25,483.0,0.044107452312744856,12389468.56394663
call,769.0,2026-08-25,701.0,0.039770866730499434,16213495.215754433
call,770.0,2026-08-25,804.0,0.03475250661072578,16249341.179325292
call,771.0,2026-08-25,1640.0,0.029432623199949947,28071549.959425617
call,772.0,2026-08-25,585.0,0.024171464983856743,8223418.887453058
call,773.0,2026-08-25,592.0,0.01935695355549461,6664265.470306871
call,774.0,2026-08-25,603.0,0.015001227665736217,5260629.165107091
call,775.0,2026-08-25,1166.0,0.011460041216466344,7771024.9634899665
call,776.0,2026-08-25,1470.0,0.008658612641809293,7402172.81204772
call,777.0,2026-08-25,791.0,0.006419428630202494,2953020.299607013
call,778.0,2026-08-25,626.0,0.004672190636904533,1700937.9152859254
call,779.0,2026-08-25,575.0,0.0034839118362700945,1165007.1076904244
call,780.0,2026-08-25,3202.0,0.0027811048433038867,5178837.249300837
call,781.0,2026-08-25,374.0,0.0021627701959995734,470408.9244335017
call,782.0,2026-08-25,793.0,0.0016017245311486339,738677.019935355
call,783.0,2026-08-25,590.0,0.0014578361788568062,500212.23424303584
call,784.0,2026-08-25,801.0,0.0010488595472867648,488588.70836153836
call,785.0,2026-08-25,1219.0,0.0009383348423314246,665204.4143532858
call,786.0,2026-08-25,888.0,0.0008750372824750406,451890.38115770015
call,787.0,2026-08-25,477.0,0.0008194136224019144,227308.2156174439
call,788.0,2026-08-25,1019.0,0.0004997378419136877,296148.8121801383
call,789.0,2026-08-25,182.0,0.00047795416258008053,50588.431043996716
call,790.0,2026-08-25,1168.0,0.000458184428174381,311226.62418029853
call,791.0,2026-08-25,415.0,0.0004095401035100588,98841.22209989198
call,792.0,2026-08-25,350.0,0.0003678007384621607,74864.20469205642
call,793.0,2026-08-25,728.0,0.00035628846246031604,150843.53878328574
call,794.0,2026-08-25,279.0,0.00034561972721919895,56078.48862746382
call,795.0,2026-08-25,308.0,0.00031403219325324083,56249.47365422909
call,796.0,2026-08-25,287.0,0.0002863918127749484,47800.899515195706
call,797.0,2026-08-25,49.0,0.00027993348378306505,7977.090205095562
call,798.0,2026-08-25,41.0,0.0002738504475416047,6529.664776522785
call,799.0,2026-08-25,124.0,0.00025200962699553815,18173.24120315966
call,800.0,2026-08-25,471.0,0.00023260078342816497,63712.647840951526
call,801.0,2026-08-25,53.0,0.00022884361036416107,7053.557881068478
call,802.0,2026-08-25,94.0,0.00021228781913484445,11605.036297708491
call,803.0,2026-08-25,251.0,0.00019743359115707994,28819.626003093086
call,804.0,2026-08-25,774.0,0.000195136210369865,87835.96991715491
call,805.0,2026-08-25,693.0,0.0001822645235889814,73456.28381567134
call,806.0,2026-08-25,70.0,0.00017061972017251697,6945.777057927692
call,807.0,2026-08-25,93.0,0.00016926356397341407,9154.613292956943
call,808.0,2026-08-25,480.0,0.00015903671299653455,44394.81008774274
call,809.0,2026-08-25,908.0,0.00014971776696478766,79059.26338461252
call,810.0,2026-08-25,120.0,0.0001489818473362203,10397.003142218968
call,815.0,2026-08-25,161.0,6.146412422850574e-05,5754.944610720917
call,820.0,2026-08-25,26.0,5.3125342017512026e-05,803.2831573022765
call,825.0,2026-08-25,1.0,3.7666479390827546e-05,21.905269645533863
call,830.0,2026-08-25,57.0,3.4354481192743546e-05,1138.8114476086512
call,835.0,2026-08-25,24.0,3.174598923087929e-05,443.091766799507
call,840.0,2026-08-25,263.0,2.4509561642595636e-05,3748.7360828281044
call,850.0,2026-08-25,38.0,2.2432078158723805e-05,495.731687471047
call,875.0,2026-08-25,50.0,1.2896970692045804e-05,375.0172901593337
call,900.0,2026-08-25,698.0,9.2179101270261e-06,3741.807715936487
call,905.0,2026-08-25,318.0,7.349158682982754e-06,1359.121613186035
call,910.0,2026-08-25,554.0,7.6094206166873645e-06,2451.6300138859924
call,945.0,2026-08-25,1.0,5.194618220406701e-06,3.020975537504622
put,535.0,2026-08-25,200.0,1.5422878847698544e-06,-179.38619448012852
put,550.0,2026-08-25,361.0,1.8054442176264388e-06,-379.0398317938242
put,590.0,2026-08-25,3253.0,3.1169690465890044e-06,-5896.714848904545
put,595.0,2026-08-25,2892.0,3.6321505897138187e-06,-6108.797216871221
put,600.0,2026-08-25,4.0,3.515197893449842e-06,-8.177175988704969
put,610.0,2026-08-25,1.0,1.6067430232061396e-06,-0.9344154203852044
put,615.0,2026-08-25,187.0,1.8556496331552158e-06,-201.80464611371485
put,635.0,2026-08-25,90.0,6.32525247382501e-06,-331.06551748518893
put,645.0,2026-08-25,500.0,7.864914667876297e-06,-2286.9548644477063
put,660.0,2026-08-25,58.0,2.2167231875330954e-05,-747.7097292841709
put,670.0,2026-08-25,7.0,2.6138311792295266e-05,-106.40674254788111
put,675.0,2026-08-25,100.0,3.0349007076969192e-05,-1764.972979282786
put,685.0,2026-08-25,27.0,5.856676227290224e-05,-919.620309523482
put,690.0,2026-08-25,62.0,7.051110809274969e-05,-2542.393697710387
put,695.0,2026-08-25,111.0,0.00010485743232391159,-6768.863740017519
put,700.0,2026-08-25,873.0,0.00012617354102620627,-64058.40329831751
put,701.0,2026-08-25,940.0,0.0001635813074497757,-89424.208054793
put,703.0,2026-08-25,193.0,0.00016995495666986864,-19075.885992958836
put,705.0,2026-08-25,66.0,0.00018260782737216941,-7009.013540311731
put,708.0,2026-08-25,162.0,0.00024090797815929383,-22696.546045267416
put,709.0,2026-08-25,5.0,0.0002508818851619318,-729.5127434965771
put,710.0,2026-08-25,169.0,0.00026146566271840105,-25697.74062884491
put,711.0,2026-08-25,202.0,0.0002727104121965494,-32036.618038278746
put,712.0,2026-08-25,143.0,0.0002846726974198706,-23674.20631535808
put,713.0,2026-08-25,91.0,0.00033892839919088017,-17936.71579170238
put,714.0,2026-08-25,132.0,0.00035490397037660324,-27244.46996250852
put,715.0,2026-08-25,67.0,0.00036599735068051264,-14260.879770375339
put,719.0,2026-08-25,40.0,0.00048492175910974064,-11280.41915472696
put,720.0,2026-08-25,80.0,0.0005633134293192958,-26207.987077644313
put,721.0,2026-08-25,340.0,0.0005954366177276768,-117735.6620234258
put,722.0,2026-08-25,282.0,0.0006202201055505031,-101715.82430139682
put,723.0,2026-08-25,31.0,0.0007117995268070685,-12832.54993388486
put,724.0,2026-08-25,2.0,0.0007442119798014826,-865.6059368775485
put,725.0,2026-08-25,145.0,0.0008559256192896464,-72176.79644054487
put,726.0,2026-08-25,62.0,0.0009693446779568596,-34951.31287548199
put,728.0,2026-08-25,54.0,0.0011418967723061846,-35860.321535238625
put,729.0,2026-08-25,3.0,0.001279521585328061,-2232.35081673581
put,730.0,2026-08-25,127.0,0.0014252678268910856,-105267.37099937271
put,731.0,2026-08-25,28.0,0.0015898935759972109,-25889.261366838964
put,732.0,2026-08-25,19.0,0.0017522605579358601,-19361.80582842444
put,733.0,2026-08-25,12.0,0.0019480230249633867,-13594.677387743195
put,734.0,2026-08-25,57.0,0.0021554540377636943,-71450.81653912632
put,735.0,2026-08-25,42.0,0.00245139480289873,-59876.46128365819
put,736.0,2026-08-25,106.0,0.0027894505405644467,-171956.30511980812
put,737.0,2026-08-25,116.0,0.003157395693609182,-213000.4767928456
put,738.0,2026-08-25,340.0,0.0035574625797798994,-703416.9540199616
put,739.0,2026-08-25,107.0,0.003981719030079326,-247769.5673884314
put,740.0,2026-08-25,235.0,0.004625590050706436,-632162.2768505387
put,741.0,2026-08-25,50.0,0.005251012579904565,-152688.60845926378
put,742.0,2026-08-25,94.0,0.006003092512654357,-328168.1765433947
put,743.0,2026-08-25,113.0,0.00681828167235359,-448071.1234323109
put,744.0,2026-08-25,312.0,0.0077176504777068155,-1400339.2898201065
put,745.0,2026-08-25,424.0,0.008771610208064802,-2162911.525973574
put,746.0,2026-08-25,674.0,0.009938201751895156,-3895482.6963274917
put,747.0,2026-08-25,2284.0,0.011355342507681655,-15083075.740451192
put,748.0,2026-08-25,2146.0,0.012961907608507139,-16176784.990042364
put,749.0,2026-08-25,367.0,0.0146850419449879,-3134258.62507373
put,750.0,2026-08-25,1279.0,0.016628647782863246,-12368614.477171933
put,751.0,2026-08-25,2919.0,0.018780279341231092,-31880837.143880676
put,752.0,2026-08-25,1237.0,0.02113289656065994,-15202755.150825268
put,753.0,2026-08-25,2066.0,0.023806212233263145,-28603171.64552921
put,754.0,2026-08-25,3768.0,0.026650815462675958,-58400285.50968513
put,755.0,2026-08-25,1108.0,0.029706866816071438,-19142126.575334456
put,756.0,2026-08-25,548.0,0.032925201024518486,-10493069.94429676
put,757.0,2026-08-25,711.0,0.036327038230622145,-15020803.534138465
put,758.0,2026-08-25,439.0,0.039721667845558604,-10141111.781636288
put,759.0,2026-08-25,429.0,0.04305647819666329,-10742104.430237215
put,760.0,2026-08-25,1116.0,0.046522777599859,-30194191.46635791
put,761.0,2026-08-25,772.0,0.04933793798108204,-22150925.127367087
put,762.0,2026-08-25,1275.0,0.05173660527235698,-38362039.454958275
put,763.0,2026-08-25,279.0,0.05361270943971095,-8698923.932358634
put,764.0,2026-08-25,2301.0,0.05434818135590389,-72726922.20683004
put,765.0,2026-08-25,995.0,0.053962140957229995,-31225243.003816534
put,766.0,2026-08-25,580.0,0.052054408429611274,-17558163.2627151
put,767.0,2026-08-25,2186.0,0.049138404809876184,-62469033.31656871
put,768.0,2026-08-25,699.0,0.04455871052224884,-18113541.23874136
put,769.0,2026-08-25,1548.0,0.039948704631881465,-35963937.309475735
put,770.0,2026-08-25,917.0,0.034601458139191195,-18452589.07769005
put,771.0,2026-08-25,943.0,0.029300551653321957,-16068711.886217644
put,772.0,2026-08-25,1667.0,0.023646812654232772,-22924600.944433972
put,773.0,2026-08-25,311.0,0.020205086451427434,-3654388.1679767556
put,774.0,2026-08-25,1712.0,0.02066306113868551,-20572733.256473176
put,775.0,2026-08-25,1608.0,0.01834458273055416,-17154870.98068107
put,776.0,2026-08-25,239.0,0.014353489824349294,-1995027.933058537
put,777.0,2026-08-25,263.0,0.013961911251223402,-2135473.5452201236
put,778.0,2026-08-25,126.0,0.012156209585399015,-890763.2647366527
put,779.0,2026-08-25,115.0,0.01135765174552376,-759591.2659129603
put,780.0,2026-08-25,104.0,0.011175622102824002,-675925.1736856106
put,781.0,2026-08-25,0.0,0.013431877037828778,-0.0
put,782.0,2026-08-25,8.0,0.012650851852246356,-58857.70596051865
put,783.0,2026-08-25,0.0,0.011941025344804637,-0.0
put,784.0,2026-08-25,0.0,0.011296282295688725,-0.0
put,785.0,2026-08-25,0.0,0.01070730987204365,-0.0
put,786.0,2026-08-25,3.0,0.010165852809442537,-17736.12112698868
put,787.0,2026-08-25,1.0,0.009671139734131789,-5624.335671450685
put,788.0,2026-08-25,0.0,0.009213426992392575,-0.0
put,789.0,2026-08-25,0.0,0.008788558630842004,-0.0
put,790.0,2026-08-25,0.0,0.008396127599286967,-0.0
put,792.0,2026-08-25,0.0,0.0076945820960844045,-0.0
put,793.0,2026-08-25,0.0,0.007378693207109992,-0.0
call,715.0,2026-08-26,2.0,0.003913863645051175,4552.283084974266
call,725.0,2026-08-26,1.0,0.005407606429879185,3144.8406885691616
call,735.0,2026-08-26,2.0,0.00801785828745922,9325.710849909823
call,736.0,2026-08-26,2.0,0.008381521265550619,9748.693604020356
call,746.0,2026-08-26,14.0,0.013198078077336146,107456.4040142717
call,747.0,2026-08-26,33.0,0.014294308605499031,274328.33522832504
call,751.0,2026-08-26,23.0,0.019713919293774848,263690.43967853783
call,752.0,2026-08-26,25.0,0.02130367077756064,309733.3891893985
call,756.0,2026-08-26,5.0,0.028738658902897618,83566.08882754992
call,759.0,2026-08-26,11.0,0.03465333952144879,221682.47058748617
call,760.0,2026-08-26,62.0,0.03672228037290933,1324082.073179595
call,762.0,2026-08-26,31.0,0.039841143921424044,718268.9079439975
call,765.0,2026-08-26,242.0,0.04176936987181016,5878504.617176988
call,767.0,2026-08-26,81.0,0.04040240079719687,1903205.8569405074
call,769.0,2026-08-26,901.0,0.03656510053107309,19159542.59948111
call,770.0,2026-08-26,716.0,0.03384167728484125,14091540.594454108
call,771.0,2026-08-26,513.0,0.030700705255169075,9159236.88623987
call,772.0,2026-08-26,874.0,0.027328930849652034,13890812.476373397
call,773.0,2026-08-26,854.0,0.0238674235155875,11853783.318418542
call,774.0,2026-08-26,663.0,0.02045166678505067,7885619.376817219
call,775.0,2026-08-26,1128.0,0.01712660818918341,11235024.816898603
call,776.0,2026-08-26,647.0,0.014115258377237991,5311127.006774703
call,777.0,2026-08-26,519.0,0.011462276904219406,3459647.3134019356
call,778.0,2026-08-26,654.0,0.009199890290904927,3499080.796432555
call,779.0,2026-08-26,245.0,0.007267638180736804,1035506.80258496
call,780.0,2026-08-26,1470.0,0.005650309557358827,4830400.609813548
call,781.0,2026-08-26,551.0,0.004346139689549135,1392672.0311904913
call,782.0,2026-08-26,595.0,0.003415229134538463,1181762.9945893453
call,783.0,2026-08-26,362.0,0.0028422015825192042,598352.3782243661
call,784.0,2026-08-26,748.0,0.002311156308302038,1005366.6868509765
call,785.0,2026-08-26,1548.0,0.001880374984635865,1692813.038342707
call,786.0,2026-08-26,841.0,0.0014419321332323279,705235.8643698862
call,787.0,2026-08-26,1609.0,0.0013265360058230139,1241276.863661547
call,788.0,2026-08-26,172.0,0.0012258853289435964,122622.98065868793
call,789.0,2026-08-26,922.0,0.0009191484237690541,492844.7582554987
call,790.0,2026-08-26,1468.0,0.0008331688458974642,711299.7432841869
call,791.0,2026-08-26,663.0,0.0008073528727821884,311293.8189563066
call,792.0,2026-08-26,251.0,0.0007376613772274898,107677.34550150015
call,793.0,2026-08-26,173.0,0.0006765593876077495,68068.4093062518
call,794.0,2026-08-26,270.0,0.000660682640563158,103740.95320147097
call,795.0,2026-08-26,110.0,0.0006098702474895812,39014.28983997663
call,796.0,2026-08-26,71.0,0.0005647518898437219,23318.983529247842
call,797.0,2026-08-26,119.0,0.0005548034453260554,38395.44318279599
call,798.0,2026-08-26,38.0,0.0005164910987424897,11414.05634073255
call,799.0,2026-08-26,83.0,0.0003393845305081757,16381.878829310914
call,800.0,2026-08-26,216.0,0.0003389964577352009,42583.61094808883
call,801.0,2026-08-26,35.0,0.00030023823845868144,6111.215826899599
call,802.0,2026-08-26,80.0,0.0003008408882063244,13996.531416028703
call,803.0,2026-08-26,166.0,0.00028434023962036614,27449.850732933497
call,804.0,2026-08-26,201.0,0.0002692947352216067,31478.751154754253
call,805.0,2026-08-26,100.0,0.00025554089002073496,14861.203361435071
call,806.0,2026-08-26,12.0,0.0002429371222400739,1695.386430261835
call,807.0,2026-08-26,74.0,0.0002313603877245727,9956.67421715758
call,808.0,2026-08-26,27.0,0.00022070339273256144,3465.5035460532563
call,809.0,2026-08-26,12.0,0.00022250680448552158,1552.8092762739134
call,810.0,2026-08-26,238.0,0.00020178467247314547,27929.213462430893
call,815.0,2026-08-26,151.0,0.00017370478122860536,15253.949137096884
call,820.0,2026-08-26,21.0,0.00013929348423892895,1701.1541564491583
call,825.0,2026-08-26,118.0,0.000125696031810773,8625.755598527541
call,830.0,2026-08-26,48.0,0.00010579088926395071,2953.133493138062
call,835.0,2026-08-26,5.0,9.085372664832992e-05,264.1838861396129
call,840.0,2026-08-26,72.0,7.938312996754346e-05,3323.948520449318
call,845.0,2026-08-26,48.0,7.039828345486879e-05,1965.1553189168865
call,850.0,2026-08-26,3.0,3.066258260497101e-05,53.49627712914764
call,855.0,2026-08-26,48.0,3.125270519408164e-05,872.4135991478262
call,870.0,2026-08-26,2.0,2.121249047303119e-05,24.672617732265177
call,875.0,2026-08-26,1423.0,1.9053812284672056e-05,15768.135977402924
call,880.0,2026-08-26,21.0,1.727285592608952e-05,210.9487806480086
call,900.0,2026-08-26,2.0,1.434151135024261e-05,16.680862046695605
call,905.0,2026-08-26,1366.0,1.1817625707721701e-05,9388.030765123303
call,910.0,2026-08-26,979.0,1.2626504785473062e-05,7188.849862092921
call,920.0,2026-08-26,509.0,1.1339814765677279e-05,3356.737009475491
call,925.0,2026-08-26,1462.0,9.636360542859095e-06,8193.208131976053
call,930.0,2026-08-26,505.0,9.252494666980238e-06,2717.3388353578925
put,575.0,2026-08-26,5.0,4.144179872807457e-06,-12.050419768664117
put,655.0,2026-08-26,105.0,2.9077642911976003e-05,-1775.5874716510264
put,660.0,2026-08-26,50.0,4.689035406200757e-05,-1363.4747209118752
put,665.0,2026-08-26,110.0,5.237145396463825e-05,-3350.278346464664
put,670.0,2026-08-26,69.0,5.869563837716748e-05,-2355.31227356325
put,680.0,2026-08-26,6068.0,9.686009122797203e-05,-341809.41415188246
put,685.0,2026-08-26,9.0,0.00010817360207366411,-566.1837167283527
put,695.0,2026-08-26,87.0,0.0002082235361340138,-10535.196593938625
put,700.0,2026-08-26,508.0,0.00027504891828872047,-81258.20558969914
put,702.0,2026-08-26,234.0,0.0002947394883432761,-40109.54697101056
put,703.0,2026-08-26,499.0,0.00030321369369411163,-87991.9476461723
put,704.0,2026-08-26,283.0,0.00034876870945064396,-57400.74431387841
put,705.0,2026-08-26,477.0,0.00035959628477350263,-99753.2718518009
put,706.0,2026-08-26,297.0,0.0003709404701854749,-64069.92882053902
put,707.0,2026-08-26,204.0,0.0003828365879263633,-45418.95924873828
put,709.0,2026-08-26,536.0,0.00045684031077991387,-142404.19465725147
put,710.0,2026-08-26,161.0,0.0004729304195717432,-44280.926532719146
put,711.0,2026-08-26,173.0,0.0005316707008481614,-53491.207932889345
put,712.0,2026-08-26,104.0,0.0005516510778743112,-33365.01961101792
put,713.0,2026-08-26,399.0,0.0006205747844229882,-143999.37092434138
put,715.0,2026-08-26,38.0,0.0006718340578965731,-14847.016351539716
put,716.0,2026-08-26,187.0,0.0007477860336756548,-81322.83875060124
put,717.0,2026-08-26,107.0,0.0008216344526379328,-51127.669065457754
put,718.0,2026-08-26,51.0,0.0008586099846035658,-25465.938425907498
put,719.0,2026-08-26,106.0,0.0009451406363675841,-58263.406819705546
put,720.0,2026-08-26,44.0,0.0009901899228396767,-25337.557820084476
put,721.0,2026-08-26,2.0,0.001085320800131466,-1262.3555566266048
put,722.0,2026-08-26,5.0,0.001190345510892091,-3461.2790748093785
put,725.0,2026-08-26,117.0,0.00154073019688064,-104834.93499429521
put,727.0,2026-08-26,97.0,0.00181502390205505,-102387.66927967318
put,728.0,2026-08-26,13.0,0.0020331779421233517,-15371.360773242868
put,729.0,2026-08-26,22.0,0.0021949569122674006,-28082.919445229523
put,730.0,2026-08-26,186.0,0.0024349549278648267,-263388.88567752927
put,732.0,2026-08-26,10.0,0.002885634204418659,-16781.657422848813
put,733.0,2026-08-26,7.0,0.003244858633113127,-13209.530895553622
put,734.0,2026-08-26,57.0,0.003549831958892179,-117672.83718222305
put,735.0,2026-08-26,131.0,0.003946824331336477,-300685.6253407062
put,736.0,2026-08-26,15.0,0.004370256209544583,-38123.40929059136
put,737.0,2026-08-26,74.0,0.004822035432332126,-207517.9607689701
put,738.0,2026-08-26,84.0,0.005362423587874245,-261959.39386528262
put,740.0,2026-08-26,502.0,0.006573103056079777,-1918967.9997796493
put,742.0,2026-08-26,118.0,0.008112898813389438,-556738.9944754298
put,743.0,2026-08-26,89.0,0.008944543168416716,-462958.1619648773
put,745.0,2026-08-26,466.0,0.010942654362002277,-2965528.979995234
put,746.0,2026-08-26,70.0,0.012151156030198795,-494662.7546717156
put,747.0,2026-08-26,545.0,0.013426572845686876,-4255545.602600931
put,748.0,2026-08-26,229.0,0.014795713460112443,-1970447.9548930216
put,749.0,2026-08-26,355.0,0.01628892871780708,-3362903.846012318
put,750.0,2026-08-26,12732.0,0.017924970611160697,-132723753.81683235
put,751.0,2026-08-26,424.0,0.019671480742169723,-4850611.395281436
put,752.0,2026-08-26,193.0,0.021550821134465117,-2418882.1265993034
put,753.0,2026-08-26,399.0,0.02355376964396617,-5465462.175975475
put,754.0,2026-08-26,730.0,0.02564896126449525,-10888955.321832178
put,755.0,2026-08-26,682.0,0.027836062126123672,-11040423.830524007
put,756.0,2026-08-26,512.0,0.030055030190662226,-8949127.664796231
put,757.0,2026-08-26,455.0,0.032384010394006055,-8569107.693830164
put,758.0,2026-08-26,513.0,0.03463844970439379,-10334022.087692292
put,759.0,2026-08-26,460.0,0.03685363439453957,-9858974.17193638
put,760.0,2026-08-26,2059.0,0.03901217527538859,-46714326.02947289
put,761.0,2026-08-26,451.0,0.04081021558919369,-10703825.121046482
put,762.0,2026-08-26,662.0,0.042338128364910584,-16299835.400739402
put,763.0,2026-08-26,510.0,0.04362090573508349,-12937740.294795752
put,764.0,2026-08-26,852.0,0.043787698070185066,-21696280.333614346
put,765.0,2026-08-26,44819.0,0.04451862477635523,-1160372630.169847
put,766.0,2026-08-26,608.0,0.04339472011738733,-15343839.42774213
put,767.0,2026-08-26,513.0,0.042220545694028125,-12596061.76026879
put,768.0,2026-08-26,1100.0,0.040139936012938394,-25678102.91144999
put,769.0,2026-08-26,691.0,0.037436826327055965,-15044253.61603387
put,770.0,2026-08-26,1243.0,0.03431440163951996,-24805108.610219464
put,771.0,2026-08-26,316.0,0.03082642166379146,-5665050.313613393
put,772.0,2026-08-26,166.0,0.027085214603895038,-2614772.706596314
put,773.0,2026-08-26,404.0,0.02357900476692096,-5539880.662100797
put,774.0,2026-08-26,309.0,0.019867991703516608,-3570310.798603695
put,775.0,2026-08-26,1037.0,0.01715237386121684,-10344191.802592753
put,776.0,2026-08-26,309.0,0.01693217715049774,-3042740.0930307764
put,777.0,2026-08-26,514.0,0.015342909018196441,-4586320.522060199
put,778.0,2026-08-26,116.0,0.013970873739101716,-942486.4845621252
put,779.0,2026-08-26,355.0,0.011502171963075208,-2374661.8947282205
put,780.0,2026-08-26,119.0,0.010565585179377024,-731196.4784381455
put,781.0,2026-08-26,50.0,0.013655825276545073,-397083.2153055713
put,782.0,2026-08-26,0.0,0.012883649357054395,-0.0
put,783.0,2026-08-26,0.0,0.012182236808552268,-0.0
put,784.0,2026-08-26,0.0,0.011542700548928773,-0.0
put,785.0,2026-08-26,3.0,0.010957520668009148,-19117.325173031833
put,786.0,2026-08-26,0.0,0.010420300195078513,-0.0
put,787.0,2026-08-26,0.0,0.009925569808946176,-0.0
put,790.0,2026-08-26,0.0,0.008655371697400356,-0.0
put,794.0,2026-08-26,0.0,0.007339624672463303,-0.0
put,795.0,2026-08-26,0.0,0.007061357536404755,-0.0
put,800.0,2026-08-26,0.0,0.005903064301483791,-0.0
put,815.0,2026-08-26,0.0,0.0038135578145527143,-0.0
call,715.0,2026-08-27,1.0,0.004082526092263887,2374.228659866353
call,746.0,2026-08-27,53.0,0.013638460274409781,420372.97349538846
call,750.0,2026-08-27,33.0,0.01792261291067615,343960.71180637745
call,754.0,2026-08-27,9.0,0.023204694526214396,121454.03259707785
call,755.0,2026-08-27,14.0,0.024629636190333953,200530.11670978353
call,758.0,2026-08-27,156.0,0.02933562363307738,2661420.498598413
call,760.0,2026-08-27,82.0,0.031580793842020255,1506019.0627115082
call,762.0,2026-08-27,7.0,0.03385810663015718,137833.3407292131
call,765.0,2026-08-27,150.0,0.03584994450103788,3127327.19027582
call,766.0,2026-08-27,101.0,0.03569676234938487,2096736.1153893683
call,768.0,2026-08-27,166.0,0.03428131454441279,3309475.185183997
call,770.0,2026-08-27,851.0,0.03143733478975095,15558540.48357572
call,772.0,2026-08-27,307.0,0.027321653634482725,4877967.819378596
call,773.0,2026-08-27,385.0,0.024934933469982646,5582934.303485098
call,774.0,2026-08-27,115.0,0.022423085744785343,1499639.2272081329
call,775.0,2026-08-27,510.0,0.019903501625708593,5903278.041825602
call,776.0,2026-08-27,305.0,0.017366258689942217,3080347.2629864286
call,777.0,2026-08-27,533.0,0.014936999343460813,4630033.624635903
call,778.0,2026-08-27,250.0,0.012663928934977291,1841204.5841488272
call,779.0,2026-08-27,202.0,0.010615534014396426,1247058.3933790748
call,780.0,2026-08-27,286.0,0.008721051472451464,1450535.8168658838
call,781.0,2026-08-27,190.0,0.006994139784821853,772825.570017401
call,782.0,2026-08-27,209.0,0.005632215764342471,684572.0191042497
call,783.0,2026-08-27,184.0,0.004558930189106128,487836.5537019367
call,784.0,2026-08-27,486.0,0.003771290455197602,1065908.2541036354
call,785.0,2026-08-27,410.0,0.003010831585285516,717899.9021900189
call,786.0,2026-08-27,332.0,0.0025316993591906153,488814.1727898308
call,787.0,2026-08-27,269.0,0.0021307335615632765,333330.4592367437
call,788.0,2026-08-27,368.0,0.00174890698920498,374289.89827381895
call,789.0,2026-08-27,92.0,0.0013935503180940458,74559.68356498682
call,790.0,2026-08-27,130.0,0.0012792330991923796,96713.39174683351
call,791.0,2026-08-27,77.0,0.0011788472486802535,52788.805321248736
call,792.0,2026-08-27,35.0,0.0009169690384812507,18664.496999154617
call,793.0,2026-08-27,99.0,0.0008527357660986977,49095.67637573878
call,794.0,2026-08-27,7.0,0.000795540380028762,3238.5741312151745
call,795.0,2026-08-27,71.0,0.0007444048183236877,30736.973190804772
call,796.0,2026-08-27,75.0,0.0006985122298429539,30466.94101667048
call,797.0,2026-08-27,16.0,0.00048598974810417636,4522.10523493926
call,798.0,2026-08-27,17.0,0.0004605306722593568,4553.035702394998
call,799.0,2026-08-27,11.0,0.000437383763434208,2798.007771024029
call,800.0,2026-08-27,257.0,0.000391210087288527,58470.49114481562
call,801.0,2026-08-27,8.0,0.00039696923969760047,1846.8873921200213
call,802.0,2026-08-27,37.0,0.00035717880374015184,7685.656609351028
call,804.0,2026-08-27,33.0,0.0003283735840064485,6301.96122943595
call,805.0,2026-08-27,324.0,0.0003155972243171996,59466.415252861356
call,806.0,2026-08-27,313.0,0.00030376054410611713,55292.88793963808
call,808.0,2026-08-27,6.0,0.000282550144313234,985.9170062609743
call,810.0,2026-08-27,43.0,0.0002641311824594809,6605.135103867353
call,815.0,2026-08-27,72.0,0.00021636513052819035,9059.690085161015
call,820.0,2026-08-27,52.0,0.00018235964937831216,5514.7479283562825
call,825.0,2026-08-27,75.0,0.000157302008829245,6861.026650717176
call,830.0,2026-08-27,183.0,0.00013830538902680675,14719.185087058551
call,835.0,2026-08-27,87.0,0.0001138602114140113,5760.826723747469
call,840.0,2026-08-27,3.0,5.640636258154512e-05,98.41083653600397
call,845.0,2026-08-27,17.0,4.895329824017153e-05,483.97669919359583
call,900.0,2026-08-27,5.0,1.7873794163737342e-05,51.97330452401936
call,905.0,2026-08-27,2006.0,1.721372050136995e-05,20081.64335342783
call,910.0,2026-08-27,214.0,1.4655766966163952e-05,1823.962471244367
call,915.0,2026-08-27,10.0,1.614187025684044e-05,93.8744544958504
call,920.0,2026-08-27,589.0,1.3937306606577572e-05,4774.058352814412
call,925.0,2026-08-27,1865.0,1.2109350992856352e-05,13133.887069723254
put,570.0,2026-08-27,5.0,2.6235626785733978e-06,-7.628778802207924
put,700.0,2026-08-27,89.0,0.0004339865568922076,-22462.59142733242
put,701.0,2026-08-27,1.0,0.0004444186752032554,-258.45555712352865
put,702.0,2026-08-27,17.0,0.000455239257251128,-4500.722136980432
put,705.0,2026-08-27,1.0,0.0005414515975940468,-314.88589953514384
put,706.0,2026-08-27,7.0,0.0005976128603401594,-2432.8288023659766
put,707.0,2026-08-27,74.0,0.000614676858111973,-26452.830950182975
put,709.0,2026-08-27,8.0,0.00069956640300662,-3254.7115505672527
put,710.0,2026-08-27,78.0,0.0007644051283111805,-34674.62466738281
put,711.0,2026-08-27,75.0,0.0007891213873440272,-34419.03195969673
put,715.0,2026-08-27,33.0,0.0010478349819669683,-20109.459934733593
put,720.0,2026-08-27,53.0,0.0014655408941979214,-45171.79880114671
put,722.0,2026-08-27,2.0,0.0016913384370862423,-1967.225242465962
put,724.0,2026-08-27,16.0,0.0019967875184029264,-18579.987181325585
put,725.0,2026-08-27,146.0,0.002135776776071042,-181343.62364402763
put,728.0,2026-08-27,85.0,0.0027557071348185435,-136221.46933904398
put,729.0,2026-08-27,58.0,0.002989874627084999,-100849.6848223617
put,730.0,2026-08-27,24.0,0.003232922901400623,-45123.22831996734
put,732.0,2026-08-27,65.0,0.003868495725611748,-146234.23315822717
put,734.0,2026-08-27,17.0,0.004590240609349173,-45381.405921167796
put,735.0,2026-08-27,198.0,0.005026646155221666,-578811.4037274962
put,736.0,2026-08-27,3.0,0.0054374246242323105,-9486.545158776853
put,739.0,2026-08-27,185.0,0.00709268220617553,-763090.0728865325
put,740.0,2026-08-27,135.0,0.00776171943051721,-609375.9111923118
put,744.0,2026-08-27,178.0,0.011025107418958723,-1141291.0352245427
put,745.0,2026-08-27,189.0,0.011992567608473365,-1318158.2548967036
put,746.0,2026-08-27,1650.0,0.01305991421703124,-12531926.601908699
put,747.0,2026-08-27,392.0,0.014204590058662396,-3238234.874743726
put,748.0,2026-08-27,275.0,0.015401469571042747,-2463136.2174152764
put,749.0,2026-08-27,72.0,0.016696511896802796,-699120.153598543
put,750.0,2026-08-27,610.0,0.018075567303892277,-6412322.339033038
put,751.0,2026-08-27,406.0,0.019531943038044435,-4611742.569596958
put,752.0,2026-08-27,322.0,0.021051528538254205,-3942149.4157554973
put,753.0,2026-08-27,113.0,0.022634318708681274,-1487439.9591096635
put,754.0,2026-08-27,284.0,0.024279244275442532,-4010024.986500173
put,755.0,2026-08-27,177.0,0.026015661681829172,-2677945.3913779412
put,756.0,2026-08-27,288.0,0.027688441520147742,-4637506.9495028425
put,757.0,2026-08-27,257.0,0.02935133860905995,-4386868.437172466
put,758.0,2026-08-27,717.0,0.031070758349359448,-12955810.377862722
put,759.0,2026-08-27,358.0,0.03266159577511448,-6800079.660218821
put,760.0,2026-08-27,1809.0,0.03423669768930671,-36018366.17532909
put,761.0,2026-08-27,411.0,0.03546652824699401,-8477232.104823438
put,762.0,2026-08-27,185.0,0.036748309629717986,-3953690.502216811
put,763.0,2026-08-27,101.0,0.03676946464878837,-2159743.8926831908
put,764.0,2026-08-27,175.0,0.0379122532831605,-3858435.279378343
put,765.0,2026-08-27,358.0,0.037994785414165726,-7910439.198016848
put,766.0,2026-08-27,202.0,0.03779893660917392,-4440424.861843754
put,768.0,2026-08-27,485.0,0.03559593200936674,-10040045.506150676
put,769.0,2026-08-27,299.0,0.03406330108049093,-5923133.150975934
put,770.0,2026-08-27,536.0,0.032424208862872624,-10107127.680202307
put,771.0,2026-08-27,1174.0,0.030022722602237328,-20498012.071062643
put,772.0,2026-08-27,141.0,0.02755840179263275,-2259782.881658356
put,773.0,2026-08-27,205.0,0.02488704857220743,-2967022.437107139
put,774.0,2026-08-27,55.0,0.02213817171258431,-708105.5776021368
put,775.0,2026-08-27,297.0,0.019509065098543835,-3369663.0933636804
put,776.0,2026-08-27,44.0,0.019166806024014285,-490451.4221545318
put,777.0,2026-08-27,324.0,0.014957454080759524,-2818358.6766849044
put,778.0,2026-08-27,25.0,0.01659877549145238,-241329.06685624988
put,779.0,2026-08-27,29.0,0.01559356082711411,-262988.5682206694
put,780.0,2026-08-27,137.0,0.01129350481382746,-899793.5642025191
put,782.0,2026-08-27,14.0,0.013043471095090185,-106197.62146651739
put,784.0,2026-08-27,0.0,0.011710560238549654,-0.0
put,785.0,2026-08-27,0.0,0.011128521960515017,-0.0
put,786.0,2026-08-27,0.0,0.010593697630103753,-0.0
put,790.0,2026-08-27,0.0,0.00883116980215762,-0.0
put,793.0,2026-08-27,0.0,0.007810498452133719,-0.0
call,500.0,2026-08-28,33.0,8.875905538770035e-05,1703.4138952043759
call,515.0,2026-08-28,12.0,0.00010453167168146282,729.4956656570768
call,520.0,2026-08-28,2.0,0.00011116908935550447,129.30270723277553
call,525.0,2026-08-28,3.0,0.00011618134720274136,202.69882766456712
call,530.0,2026-08-28,8.0,0.0001235465610306392,574.7966418785811
call,535.0,2026-08-28,15.0,0.00013138704020970862,1146.1391893808611
call,540.0,2026-08-28,49.0,0.0001375977221582468,3921.036622123493
call,545.0,2026-08-28,6.0,0.000146350805011534,510.669523427658
call,550.0,2026-08-28,19.0,0.0001560996005599985,1724.8406021862515
call,555.0,2026-08-28,26.0,0.0001639163420209961,2478.501441151419
call,560.0,2026-08-28,12.0,0.00017445452403818987,1217.4666021599292
call,575.0,2026-08-28,2.0,0.00020962800780578787,243.8219929500543
call,580.0,2026-08-28,1.0,0.00022097054783688582,128.5073495684083
call,585.0,2026-08-28,7.0,0.00023635651308879957,962.1863430815827
call,590.0,2026-08-28,4.0,0.00025299664743672935,588.5296285871818
call,600.0,2026-08-28,24.0,0.0002876089372220873,4014.275668471064
call,605.0,2026-08-28,4.0,0.0003091190670336164,719.083559223872
call,610.0,2026-08-28,1.0,0.0003321098970689063,193.14140755656786
call,615.0,2026-08-28,53.0,0.00035395763370151684,10909.898916499016
call,620.0,2026-08-28,22.0,0.0003818116515328848,4885.009720838563
call,625.0,2026-08-28,5.0,0.00041248266610845907,1199.414462320949
call,630.0,2026-08-28,7.0,0.00044565003718997974,1814.2016649945142
call,635.0,2026-08-28,1.0,0.00048078991101270377,279.60756656620777
call,640.0,2026-08-28,2.0,0.0005196868383158573,604.4568278561222
call,645.0,2026-08-28,2.0,0.0005657589848439124,658.0441452357953
call,650.0,2026-08-28,5.0,0.0006164061886423533,1792.3819788523517
call,655.0,2026-08-28,7.0,0.00067457861922637,2746.1495614067862
call,660.0,2026-08-28,9.0,0.001393300966354513,7292.576973766691
call,665.0,2026-08-28,2.0,0.0015074425996660474,1753.332785802673
call,670.0,2026-08-28,12.0,0.0016359220489286217,11416.616847790314
call,675.0,2026-08-28,13.0,0.0017810815042726981,13465.445301916801
call,680.0,2026-08-28,8.0,0.001949126549580308,9068.252373429503
call,685.0,2026-08-28,44.0,0.002138428014124043,54719.34444310555
call,690.0,2026-08-28,17.0,0.002359679884841008,23328.97113930753
call,692.0,2026-08-28,1.0,0.0024590245893552835,1430.067199429923
call,693.0,2026-08-28,6.0,0.0025090207076408195,8754.857268739202
call,694.0,2026-08-28,15.0,0.002563995379999967,22366.70817547107
call,695.0,2026-08-28,14.0,0.0026173576811260716,21310.060660719122
call,696.0,2026-08-28,55.0,0.002675965474928086,85592.70850673741
call,697.0,2026-08-28,81.0,0.0027330119925493284,128741.96405846773
call,698.0,2026-08-28,15.0,0.0027955919727475197,24387.013455591346
call,699.0,2026-08-28,126.0,0.0026241903283497465,192291.21773112647
call,700.0,2026-08-28,269.0,0.0019677543321926687,307834.1032623733
call,701.0,2026-08-28,49.0,0.002988197192645807,85152.79499333327
call,702.0,2026-08-28,2.0,0.003058938276612425,3557.9044743192626
call,703.0,2026-08-28,47.0,0.0031288389467881575,85521.3683364857
call,704.0,2026-08-28,1.0,0.003205282930317411,1864.060247051595
call,705.0,2026-08-28,226.0,0.0027056713211546517,355612.5272512734
call,706.0,2026-08-28,3.0,0.003365823230527234,5872.271576981148
call,707.0,2026-08-28,2.0,0.0034465805499326067,4008.7779650418456
call,708.0,2026-08-28,45.0,0.003534696888843591,92503.52136146724
call,709.0,2026-08-28,1.0,0.0036262757827291996,2108.89231259283
call,710.0,2026-08-28,45.0,0.003720430669929762,97364.2008840816
call,711.0,2026-08-28,57.0,0.003818949009022452,126593.75715524131
call,712.0,2026-08-28,17.0,0.003921513129878342,38770.03284092135
call,713.0,2026-08-28,15.0,0.004027795723125898,35135.9960444112
call,714.0,2026-08-28,4.0,0.004138582732133169,9627.315551004624
call,715.0,2026-08-28,180.0,0.003624728702192833,379438.66699417593
call,716.0,2026-08-28,123.0,0.0037777635136406907,270229.9328392183
call,717.0,2026-08-28,11.0,0.004499531169530079,28784.157599859707
call,718.0,2026-08-28,77.0,0.004634016554369889,207511.36164413017
call,719.0,2026-08-28,63.0,0.0047704989735128924,174782.4932688388
call,720.0,2026-08-28,286.0,0.004250619695615695,706987.6988850029
call,721.0,2026-08-28,18.0,0.005066487184943054,53036.276691131934
call,722.0,2026-08-28,54.0,0.005226244441934096,164125.87429510447
call,723.0,2026-08-28,28.0,0.0053936658822565445,87828.53636197514
call,724.0,2026-08-28,104.0,0.0053194370914471335,321730.7642352648
call,725.0,2026-08-28,221.0,0.00514773602020625,661610.0834928891
call,726.0,2026-08-28,68.0,0.00594805965273356,235221.92627047867
call,727.0,2026-08-28,856.0,0.005730969481066409,2852958.3696152223
call,728.0,2026-08-28,32.0,0.006365700670048697,118464.92003741999
call,729.0,2026-08-28,75.0,0.00659167616519201,287508.50786256057
call,730.0,2026-08-28,269.0,0.0062545759281074495,978461.457620038
call,731.0,2026-08-28,44.0,0.0070812832216070615,181200.00913896755
call,732.0,2026-08-28,93.0,0.007346332952950745,397326.1328476683
call,733.0,2026-08-28,233.0,0.007384220735964431,1000585.4092963125
call,734.0,2026-08-28,302.0,0.007688511196813959,1350338.866975143
call,735.0,2026-08-28,375.0,0.007877662105361456,1717996.167134172
call,736.0,2026-08-28,723.0,0.008304236030326814,3491656.850211926
call,737.0,2026-08-28,318.0,0.008247723767795784,1525298.3526339943
call,738.0,2026-08-28,482.0,0.008712372573717105,2442176.520314265
call,739.0,2026-08-28,738.0,0.009213617528183988,3954395.6155920657
call,740.0,2026-08-28,2253.0,0.009735544311781577,12756014.481725974
call,741.0,2026-08-28,762.0,0.010303007291251115,4565754.4658247
call,742.0,2026-08-28,854.0,0.010898808630421572,5412905.831647626
call,743.0,2026-08-28,824.0,0.011541190143462008,5530588.954379668
call,744.0,2026-08-28,980.0,0.012220220575041796,6964640.352121425
call,745.0,2026-08-28,1209.0,0.012942472758542217,9099910.783575477
call,746.0,2026-08-28,607.0,0.013705764112045191,4838218.949601216
call,747.0,2026-08-28,785.0,0.014513692797105524,6625843.246850166
call,748.0,2026-08-28,225.0,0.015362011020976906,2010130.0893991778
call,749.0,2026-08-28,270.0,0.016258328911866238,2552896.7089892873
call,750.0,2026-08-28,1555.0,0.017169339778944012,15526642.830996895
call,751.0,2026-08-28,607.0,0.01813674835851219,6402383.615750726
call,752.0,2026-08-28,476.0,0.019141714171116417,5298846.682154194
call,753.0,2026-08-28,640.0,0.020171560344929177,7507805.997022308
call,754.0,2026-08-28,544.0,0.02123043425677768,6716628.861168821
call,755.0,2026-08-28,1527.0,0.022296838790361075,19800488.50227677
call,756.0,2026-08-28,614.0,0.023360411340396025,8341466.9031658
call,757.0,2026-08-28,911.0,0.024380108975750613,12916581.64850355
call,758.0,2026-08-28,1355.0,0.02550955059461794,20101833.75212015
call,759.0,2026-08-28,661.0,0.02654613861384586,10204609.526406476
call,760.0,2026-08-28,2590.0,0.02783328114808967,41923520.45614555
call,761.0,2026-08-28,475.0,0.028568422170690708,7891752.17675613
call,762.0,2026-08-28,853.0,0.0295900936316146,14678745.631206954
call,763.0,2026-08-28,735.0,0.03019155561891575,12905249.455128992
call,764.0,2026-08-28,954.0,0.03061648678620694,16986241.843156084
call,765.0,2026-08-28,1542.0,0.030856479713899744,27670966.304216806
call,766.0,2026-08-28,623.0,0.030943561035436027,11211195.150287893
call,767.0,2026-08-28,1252.0,0.030709384307519304,22359856.514054097
call,768.0,2026-08-28,5925.0,0.03029710477846649,104395807.43353263
call,769.0,2026-08-28,1284.0,0.029600582063044552,22103388.079776775
call,770.0,2026-08-28,5872.0,0.028663847720855864,97884541.05443579
call,771.0,2026-08-28,2275.0,0.027507539073561273,36393742.134732045
call,772.0,2026-08-28,2919.0,0.02610168977756234,44309443.21214825
call,773.0,2026-08-28,665.0,0.02451108994834863,9479334.378998235
call,774.0,2026-08-28,7184.0,0.022770890976762145,95134912.19862154
call,775.0,2026-08-28,2479.0,0.02091478871233064,30152517.792018987
call,776.0,2026-08-28,7238.0,0.01899361188360128,79950229.03278416
call,777.0,2026-08-28,1154.0,0.017054082938211892,11445315.09793589
call,778.0,2026-08-28,1768.0,0.015124721319113285,15551175.266900018
call,779.0,2026-08-28,1150.0,0.013243189571894529,8856946.274660394
call,780.0,2026-08-28,5782.0,0.011459976350338186,38535001.72762081
call,781.0,2026-08-28,2257.0,0.00984669006602979,12924549.120550308
call,782.0,2026-08-28,1350.0,0.008468238806383777,6648450.494802726
call,783.0,2026-08-28,1847.0,0.007088189581981844,7613700.592567629
call,784.0,2026-08-28,1033.0,0.006010231892232266,3610647.7745911693
call,785.0,2026-08-28,4137.0,0.004989173986584917,12003495.783362173
call,786.0,2026-08-28,1216.0,0.004134982515204036,2924157.942633688
call,787.0,2026-08-28,4361.0,0.003494413041930658,8862452.047051735
call,788.0,2026-08-28,2134.0,0.002886845894947908,3582709.458101428
call,789.0,2026-08-28,536.0,0.0025003321411791748,779392.2220488879
call,790.0,2026-08-28,3294.0,0.0021207305963333203,4062586.9676055997
call,791.0,2026-08-28,919.0,0.0017969772545851264,960398.9254539332
call,792.0,2026-08-28,2144.0,0.0017128014286501945,2135626.8463990795
call,793.0,2026-08-28,744.0,0.0013885758910629098,600808.5857202288
call,794.0,2026-08-28,958.0,0.001334843906521354,743685.9324360816
call,795.0,2026-08-28,2472.0,0.0010542722812155677,1515635.7085155237
call,796.0,2026-08-28,460.0,0.000996560970073196,266597.0134594714
call,797.0,2026-08-28,709.0,0.0009442126385682607,389322.60313708003
call,798.0,2026-08-28,400.0,0.0008965779334664017,208565.0871379254
call,799.0,2026-08-28,529.0,0.0008531024127723219,262452.3201164353
call,800.0,2026-08-28,7856.0,0.0006628464195329762,3028363.22418955
call,801.0,2026-08-28,4483.0,0.0006352369016486297,1656143.7567481068
call,802.0,2026-08-28,488.0,0.0006097765060812317,173054.97287137317
call,803.0,2026-08-28,409.0,0.0005567012545116569,132415.57844870596
call,804.0,2026-08-28,460.0,0.0005364813504876543,143517.88812902
call,805.0,2026-08-28,818.0,0.0005176954754966774,246275.5213594907
call,806.0,2026-08-28,384.0,0.0005002067565636084,111705.44734651828
call,807.0,2026-08-28,184.0,0.00048389447298286935,51780.00150549848
call,808.0,2026-08-28,161.0,0.000468651814669132,43880.316672337096
call,809.0,2026-08-28,103.0,0.0004332275105053233,25950.565480582816
call,810.0,2026-08-28,872.0,0.00042080818554992444,213399.91303954777
call,815.0,2026-08-28,576.0,0.00025265015399826855,84632.19889840025
call,820.0,2026-08-28,711.0,0.0002219485419241242,91773.11460862435
call,825.0,2026-08-28,873.0,0.0001813467612997049,92069.88943717928
call,830.0,2026-08-28,798.0,0.00015170190465637915,70402.40559839866
call,835.0,2026-08-28,500.0,0.00014088723509108814,40967.10024663924
call,840.0,2026-08-28,563.0,0.00012198225517006982,39939.13246281101
call,845.0,2026-08-28,1109.0,0.00010721252859572584,69146.57274458298
call,850.0,2026-08-28,434.0,9.547399584894367e-05,24097.30102604624
call,855.0,2026-08-28,531.0,8.600349017989535e-05,26558.53842808837
call,860.0,2026-08-28,1294.0,4.2200393207814456e-05,31757.35676563537
call,865.0,2026-08-28,320.0,3.965195167364478e-05,7379.180278531752
call,870.0,2026-08-28,513.0,3.750682302217378e-05,11189.771507041327
call,875.0,2026-08-28,890.0,3.060660789005906e-05,15841.590415477449
call,880.0,2026-08-28,626.0,2.945193274534979e-05,10722.145772332311
call,885.0,2026-08-28,495.0,2.846306343879202e-05,8193.706695605608
call,890.0,2026-08-28,829.0,2.395395022419794e-05,11548.491190251658
call,895.0,2026-08-28,1652.0,2.3444303793126703e-05,22523.7634392636
call,900.0,2026-08-28,923.0,2.3009438022143512e-05,12350.976254817255
put,500.0,2026-08-28,700.0,1.8741593045232605e-06,-762.95358397594
put,505.0,2026-08-28,184.0,1.5060579266612743e-06,-161.15844685965132
put,510.0,2026-08-28,89.0,2.1971143195453927e-06,-113.71983877221284
put,515.0,2026-08-28,1359.0,1.7463280591844812e-06,-1380.1899569353127
put,520.0,2026-08-28,169.0,1.8763700626443523e-06,-184.41607472372166
put,525.0,2026-08-28,105.0,2.0131445504249643e-06,-122.92998621579795
put,530.0,2026-08-28,1786.0,2.1567020862207946e-06,-2240.088554410743
put,535.0,2026-08-28,355.0,2.307048227073863e-06,-476.2978272034011
put,540.0,2026-08-28,768.0,2.4641349272915593e-06,-1100.5740756733703
put,545.0,2026-08-28,878.0,2.6278506288099074e-06,-1341.803021757266
put,550.0,2026-08-28,687.0,2.7980088468082463e-06,-1117.8908319958755
put,555.0,2026-08-28,559.0,2.9743350348938187e-06,-966.9305205359277
put,560.0,2026-08-28,634.0,8.59533465593492e-06,-3169.170629242988
put,565.0,2026-08-28,655.0,9.29601779533332e-06,-3541.048054476782
put,570.0,2026-08-28,566.0,1.0049716132340746e-05,-3307.9870441828425
put,575.0,2026-08-28,403.0,1.0860498185237088e-05,-2545.3550336330163
put,580.0,2026-08-28,6037.0,1.1732792181884634e-05,-41192.30819701327
put,585.0,2026-08-28,5953.0,1.1675263030218453e-05,-40419.983335080775
put,590.0,2026-08-28,1236.0,1.2583521963543588e-05,-9045.118403779969
put,595.0,2026-08-28,206.0,1.355781704489647e-05,-1624.2413534032694
put,600.0,2026-08-28,212.0,1.8873564273587474e-05,-2326.9302177844697
put,605.0,2026-08-28,444.0,2.4104407363276214e-05,-6224.048991468007
put,610.0,2026-08-28,230.0,3.076769876929716e-05,-4115.44142768947
put,615.0,2026-08-28,368.0,3.361367807269598e-05,-7193.784588943451
put,620.0,2026-08-28,1356.0,3.6756807170159005e-05,-28986.183922494656
put,625.0,2026-08-28,477.0,3.8583197969575676e-05,-10703.114573041716
put,630.0,2026-08-28,368.0,5.418721460754767e-05,-11596.80141276141
put,635.0,2026-08-28,284.0,5.737876172116857e-05,-9476.829904011987
put,640.0,2026-08-28,636.0,6.335946054414256e-05,-23434.8490595938
put,645.0,2026-08-28,939.0,6.711199849171168e-05,-36648.76446933496
put,650.0,2026-08-28,2294.0,9.05168251090959e-05,-120758.10806266322
put,655.0,2026-08-28,495.0,9.894435038456828e-05,-28483.265266993752
put,660.0,2026-08-28,1266.0,0.00010838114756773503,-79795.98221695982
put,665.0,2026-08-28,1838.0,0.00013950320318985534,-149115.6619807643
put,670.0,2026-08-28,2285.0,0.00017652605443477934,-234578.7095274078
put,675.0,2026-08-28,6979.0,0.00019295896273111284,-783162.2190558176
put,680.0,2026-08-28,1676.0,0.00024270517138122466,-236562.89068278705
put,685.0,2026-08-28,1585.0,0.0002978011732466288,-274504.3588720696
put,690.0,2026-08-28,1219.0,0.00036492718896091026,-258704.21310497622
put,691.0,2026-08-28,885.0,0.00040018894360328654,-205969.03325187255
put,692.0,2026-08-28,177.0,0.00041570905723584844,-42791.38342102457
put,693.0,2026-08-28,479.0,0.0004227130139853806,-117753.73900377285
put,694.0,2026-08-28,349.0,0.0004639077157700025,-94156.56295353199
put,695.0,2026-08-28,673.0,0.0004774569724451896,-186871.41673799857
put,696.0,2026-08-28,799.0,0.0004915912075770566,-228425.43468549114
put,697.0,2026-08-28,135.0,0.0005342492937847351,-41944.14048566402
put,698.0,2026-08-28,290.0,0.0005507412461487958,-92883.62894823446
put,699.0,2026-08-28,256.0,0.0005987372807515903,-89139.42739581164
put,700.0,2026-08-28,3035.0,0.0006115632625928785,-1079427.947893991
put,701.0,2026-08-28,391.0,0.0006314949970693954,-143595.30675558472
put,702.0,2026-08-28,444.0,0.0006804532052412703,-175701.23264160875
put,703.0,2026-08-28,280.0,0.0007035403440943854,-114562.00669878873
put,704.0,2026-08-28,1075.0,0.0007586635861853941,-474297.98315348156
put,705.0,2026-08-28,1062.0,0.0007814236394907806,-482619.2452102139
put,706.0,2026-08-28,498.0,0.0008391333002737564,-243026.63458716415
put,707.0,2026-08-28,266.0,0.0009057291937750755,-140111.43368502657
put,708.0,2026-08-28,214.0,0.0009304374216557434,-115796.25568962269
put,709.0,2026-08-28,122.0,0.0009954408318222827,-70626.69044644768
put,710.0,2026-08-28,1225.0,0.001065329543178048,-758950.8183549644
put,711.0,2026-08-28,430.0,0.0011404895979870457,-285202.5197901582
put,712.0,2026-08-28,94.0,0.00121561536509723,-66453.461595197
put,713.0,2026-08-28,271.0,0.0012543751501551325,-197692.55156168208
put,714.0,2026-08-28,460.0,0.0013389790221247709,-358199.66776054713
put,715.0,2026-08-28,632.0,0.0014234072801376917,-523166.3893195338
put,716.0,2026-08-28,416.0,0.0015556598989673338,-376358.35490161227
put,717.0,2026-08-28,343.0,0.0016479697789109813,-328728.18152337446
put,718.0,2026-08-28,286.0,0.0017470737652173088,-290583.4324174777
put,719.0,2026-08-28,356.0,0.0018535633962068873,-383752.32220840774
put,720.0,2026-08-28,1793.0,0.002001572441577659,-2087109.219368664
put,721.0,2026-08-28,421.0,0.002122072194349405,-519560.1394773785
put,722.0,2026-08-28,408.0,0.002288482966643352,-543001.9903081914
put,723.0,2026-08-28,3639.0,0.002453936283900877,-5193246.197621121
put,724.0,2026-08-28,1602.0,0.0026376205387095204,-2457357.833066676
put,725.0,2026-08-28,6265.0,0.002825640119492954,-10295122.002896441
put,726.0,2026-08-28,129.0,0.003023337503625359,-226814.03032485172
put,727.0,2026-08-28,471.0,0.0032766464947760867,-897519.8670619715
put,728.0,2026-08-28,442.0,0.003497569089315317,-899046.4810630833
put,729.0,2026-08-28,880.0,0.003773135995097064,-1930984.1321076124
put,730.0,2026-08-28,1727.0,0.004058439465460106,-4076101.4458518834
put,731.0,2026-08-28,312.0,0.004399372685881075,-798249.9907706642
put,732.0,2026-08-28,1130.0,0.004720775947061568,-3102311.5261560488
put,733.0,2026-08-28,634.0,0.005089099777587631,-1876392.9724692572
put,734.0,2026-08-28,361.0,0.005487070311531261,-1151970.3503539797
put,735.0,2026-08-28,13375.0,0.005930954279419215,-46133025.86492988
put,736.0,2026-08-28,378.0,0.006402199267352786,-1407390.3252864776
put,737.0,2026-08-28,1262.0,0.006924077781248742,-5081768.38244353
put,738.0,2026-08-28,630.0,0.007442812574015342,-2726912.521817671
put,739.0,2026-08-28,1619.0,0.008051723415145292,-7581048.426295008
put,740.0,2026-08-28,3615.0,0.008683301165180058,-18255206.06900484
put,741.0,2026-08-28,979.0,0.009354501442687851,-5325947.880967369
put,742.0,2026-08-28,806.0,0.010080607055469861,-4725146.760872384
put,743.0,2026-08-28,2311.0,0.010862487508987573,-14598989.950034661
put,744.0,2026-08-28,1125.0,0.011685799107880347,-7645475.704108228
put,745.0,2026-08-28,6570.0,0.012566303874046258,-48013846.65468799
put,746.0,2026-08-28,1168.0,0.013504175935934445,-9172854.489236655
put,747.0,2026-08-28,1078.0,0.014492754195722525,-9085801.853704842
put,748.0,2026-08-28,1859.0,0.01554523575447899,-16806228.99035862
put,749.0,2026-08-28,1075.0,0.016651154493044155,-10409895.949978996
put,750.0,2026-08-28,21147.0,0.017809490162381973,-219025069.24977842
put,751.0,2026-08-28,4708.0,0.019019541482905515,-52075095.028060116
put,752.0,2026-08-28,2694.0,0.020266339772243073,-31751663.617170557
put,753.0,2026-08-28,1186.0,0.021555665319963325,-14867559.837473687
put,754.0,2026-08-28,3090.0,0.022868562656268913,-41095183.357546166
put,755.0,2026-08-28,4139.0,0.024211650063579854,-58279174.13179568
put,756.0,2026-08-28,2878.0,0.025554011561369484,-42770413.65969006
put,757.0,2026-08-28,1251.0,0.026854798303210567,-19537670.39381526
put,758.0,2026-08-28,1507.0,0.028151143690513893,-24671915.555670757
put,759.0,2026-08-28,893.0,0.029368574940563167,-15252038.982118042
put,760.0,2026-08-28,8226.0,0.030466071195862438,-145746700.55456114
put,761.0,2026-08-28,1585.0,0.03153285230186831,-29066055.41598555
put,762.0,2026-08-28,1346.0,0.03238961520253665,-25353879.53179998
put,763.0,2026-08-28,3682.0,0.03311563618416279,-70910485.8387524
put,764.0,2026-08-28,4110.0,0.033574698385996596,-80250457.30030179
put,765.0,2026-08-28,6228.0,0.03386085633919427,-122642251.59689792
put,766.0,2026-08-28,1348.0,0.033640100946606424,-26371859.700921446
put,767.0,2026-08-28,1910.0,0.03341113659434558,-37112327.43463031
put,768.0,2026-08-28,2983.0,0.032192177324553636,-55846656.677573785
put,769.0,2026-08-28,1534.0,0.031353480812465306,-27970787.651925698
put,770.0,2026-08-28,5215.0,0.029914581355089006,-90725802.05522591
put,771.0,2026-08-28,2459.0,0.028403316818395637,-40618245.56519777
put,772.0,2026-08-28,2368.0,0.026805918440103174,-36915262.75518352
put,773.0,2026-08-28,1089.0,0.024909134541821608,-15775389.547057083
put,774.0,2026-08-28,1781.0,0.022861805247498163,-23679253.90471601
put,775.0,2026-08-28,2268.0,0.020693386542730088,-27294063.30680544
put,776.0,2026-08-28,1060.0,0.018504149535524827,-11406924.54389029
put,777.0,2026-08-28,461.0,0.016322043209740837,-4375916.463499113
put,778.0,2026-08-28,1687.0,0.014743635235940815,-14464826.684605077
put,779.0,2026-08-28,1603.0,0.01281742531414581,-11948899.048185883
put,780.0,2026-08-28,2107.0,0.013321314225170907,-16323195.506684529
put,781.0,2026-08-28,1554.0,0.012195910528573868,-11021959.685002789
put,782.0,2026-08-28,2358.0,0.011626246183709572,-15943251.229714349
put,783.0,2026-08-28,2047.0,0.010997988325152344,-13092562.960727992
put,784.0,2026-08-28,477.0,0.008779499159021658,-2435463.889411903
put,785.0,2026-08-28,230.0,0.008218012584713842,-1099229.0875570527
put,786.0,2026-08-28,11.0,0.010723167544900606,-68597.66783532589
put,787.0,2026-08-28,0.0,0.010231128249287775,-0.0
put,788.0,2026-08-28,0.0,0.009775967012014554,-0.0
put,789.0,2026-08-28,0.0,0.009355029482424289,-0.0
put,790.0,2026-08-28,5.0,0.006771804668422978,-19691.010368865707
put,791.0,2026-08-28,0.0,0.00859884437952074,-0.0
put,792.0,2026-08-28,0.0,0.008259302792277169,-0.0
put,793.0,2026-08-28,1.0,0.007941425745057278,-4618.405413218057
put,794.0,2026-08-28,0.0,0.007643188229155291,-0.0
put,795.0,2026-08-28,0.0,0.007364097386891701,-0.0
put,796.0,2026-08-28,0.0,0.007101257290157943,-0.0
put,797.0,2026-08-28,0.0,0.006854527659833392,-0.0
put,800.0,2026-08-28,0.0,0.006194979454122085,-0.0
put,804.0,2026-08-28,0.0,0.005467778715714006,-0.0
put,805.0,2026-08-28,0.0,0.005308040687860664,-0.0
put,806.0,2026-08-28,0.0,0.005156452322086744,-0.0
put,809.0,2026-08-28,0.0,0.004743227617536895,-0.0
put,810.0,2026-08-28,1.0,0.0046171661958393576,-2685.153275639941
put,815.0,2026-08-28,0.0,0.0040664835988142,-0.0
put,820.0,2026-08-28,0.0,0.0036167042296599635,-0.0
put,825.0,2026-08-28,0.0,0.003246560097595375,-0.0
put,830.0,2026-08-28,0.0,0.002935331509018348,-0.0
put,835.0,2026-08-28,0.0,0.0026720952296600455,-0.0
put,840.0,2026-08-28,0.0,0.002446323581819726,-0.0
put,845.0,2026-08-28,0.0,0.002251807926521513,-0.0
put,850.0,2026-08-28,0.0,0.0020817046535274095,-0.0
put,855.0,2026-08-28,0.0,0.0019317258808888085,-0.0
put,860.0,2026-08-28,0.0,0.0018002693514758068,-0.0
put,865.0,2026-08-28,0.0,0.0016826675382076086,-0.0
put,870.0,2026-08-28,0.0,0.0015775798044034607,-0.0
put,875.0,2026-08-28,0.0,0.0014838708172044087,-0.0
put,880.0,2026-08-28,0.0,0.0013985435977555986,-0.0
put,885.0,2026-08-28,0.0,0.0013217486609812135,-0.0
